payment_id,claim_id,payment_date,payment_amount
P25973f55b08c,C0000001,2017-05-12,782.88
P5ddba2f4213f,C0000002,2022-06-11,2158.76
P6c02910718e2,C0000003,2023-09-08,900.7
P29ab4ab673d0,C0000004,2024-02-15,974.44
Pd8bc30426485,C0000004,2024-05-15,1466.97
P718f507605ab,C0000005,2024-07-01,749.67
Pa16b1a267e5b,C0000005,2024-06-24,948.69
P5a2f5a96abb0,C0000006,2023-01-09,1800.49
P36cfa624c594,C0000006,2022-10-28,539.34
P6d8807745f48,C0000006,2022-12-17,1407.4
Pb47a506056ce,C0000007,2020-12-08,795.41
P988071920ede,C0000007,2021-02-20,1343.19
Pf8270201ae12,C0000007,2020-11-02,1173.76
P7c8f8d7f90df,C0000008,2018-06-19,1339.64
P90123a9b8b75,C0000008,2018-09-13,1251.71
Pb4b2420e2c91,C0000009,2021-11-11,2178.71
Pe89fa3e075a3,C0000009,2021-05-24,1331.49
P36bfd568fd2a,C0000009,2021-10-17,1425.78
Pe435294d3402,C0000010,2016-02-21,1526.46
Pc40ea74339ca,C0000010,2015-12-08,970.26
Pe05daf49420e,C0000010,2015-08-19,2013.15
Pee5146579637,C0000011,2022-07-03,1748.74
P7e243c31ff84,C0000011,2022-04-14,1887.38
P26ca750952c7,C0000011,2022-04-03,1400.36
P834e51c4b95f,C0000012,2018-09-06,759.62
P66b8387d0e69,C0000012,2018-08-28,1585.41
P6f68ce4d4ed7,C0000013,2018-09-06,1412.67
P5e75541c5046,C0000013,2019-01-08,2100.73
Pb0a76b0d7d7f,C0000013,2018-11-23,564.88
P8ad4fe45707a,C0000014,2025-03-11,1572.67
P85f2620e5d74,C0000015,2025-05-26,1915.66
P1cfeef23aa7d,C0000016,2022-03-25,1634.5
P319154c26685,C0000016,2022-11-19,1123.44
Pe6dd873f66b1,C0000017,2024-02-05,1621.58
P7e76e18e67d2,C0000017,2023-08-21,634.7
Pda4875d18d67,C0000018,2017-09-22,223.2
Pf8d8c9416023,C0000019,2022-11-18,1359.54
P50a41d29d081,C0000019,2023-03-25,2427.64
P2bcd87842fbe,C0000019,2023-03-06,757.95
P6ae2231825eb,C0000020,2019-09-02,2203.32
Paa21136ce8c4,C0000020,2020-03-12,898.84
Pe80fe2a7a5aa,C0000020,2020-03-17,1025.42
Pfe30bd4ab55a,C0000021,2018-01-31,501.86
Paf80d57d4e57,C0000022,2018-02-18,860.03
P27d245fd97b6,C0000022,2017-10-23,1257.9
P2e90acfb8912,C0000023,2020-07-12,587.75
P51f60f2506e0,C0000023,2020-01-17,1488.13
P0616969c0590,C0000024,2019-03-16,942.4
P42406decadce,C0000025,2015-12-28,1078.21
P68f108042cb6,C0000026,2023-12-29,1020.97
P8b3c52184fd2,C0000027,2022-09-01,934.34
Pf7cd2aa4d669,C0000027,2023-01-22,1243.32
P387a13585705,C0000028,2018-07-11,1484.54
Pbfa7e4e912df,C0000028,2018-08-08,830.98
P4083d86c1c4c,C0000028,2018-10-24,1117.63
P8c3e8a895a4f,C0000029,2021-09-20,1427.46
P98c6e01a81f2,C0000030,2019-05-15,1717.83
P09fafa5822a3,C0000030,2019-08-21,1782.04
Pf42e37e4984c,C0000030,2019-04-26,1573.69
P56d99d5efb4b,C0000031,2018-01-26,519.85
P182ec796fa68,C0000031,2017-09-29,1213.56
P6c1f83e60994,C0000031,2018-01-26,907.34
P8bf1bc8a4487,C0000032,2023-11-26,1648.47
P83da247594f8,C0000032,2024-01-05,1341.01
P4f7e3941c694,C0000032,2023-08-26,959.73
P256648cb4e76,C0000033,2024-11-15,1504.72
P0660693f51db,C0000033,2024-03-15,2181.2
P8fabbf0f74b7,C0000034,2023-02-27,936.92
P4d01ec260b94,C0000034,2023-09-07,1870.39
Pea34f433c331,C0000035,2017-01-20,1379.59
Pc6f97e655385,C0000035,2017-02-08,1958.83
P0f26d797a187,C0000035,2016-06-04,1094.93
P57e4017f5f0f,C0000036,2017-01-08,1632.72
Pf150f4470307,C0000037,2021-02-04,585.35
Pc3b0373d261b,C0000037,2021-02-10,1090.07
P57baa1891c2e,C0000038,2023-06-14,1071.55
Pf7b4531fb659,C0000038,2023-06-18,800.51
P93730ad4d8d0,C0000039,2023-11-15,1790.34
P5ceb96f04dbc,C0000039,2023-09-01,2104.32
P893d95e7e43d,C0000039,2023-07-04,1599.94
P4f2133c45959,C0000040,2024-06-12,610.15
P8a4ded1e636c,C0000040,2024-06-02,790.82
P1ac322ae5335,C0000041,2021-03-23,810.46
P5d60631bf156,C0000041,2021-01-01,1602.63
Paea5aa6670ae,C0000041,2021-05-16,1579.0
Pac6d4fb39ce0,C0000042,2020-10-15,1343.63
P05c86813d0e2,C0000042,2021-03-30,1695.83
P8b107a35ed91,C0000043,2017-06-03,596.2
Pc798f6f30aa4,C0000043,2017-02-19,1422.52
Pf8fa6a779d92,C0000044,2017-06-23,569.61
Pd1032d0b2da1,C0000044,2017-07-17,729.87
P50aaa9a7f38e,C0000045,2020-05-13,854.9
P3640f7e655b5,C0000045,2019-12-30,1019.08
P83e2de29ee1c,C0000045,2019-11-13,1573.14
Pded07175022a,C0000046,2022-12-09,1079.52
Pcc4f26c23a2d,C0000047,2023-12-07,1454.54
Pdcdfa4110750,C0000047,2024-02-21,717.19
P460dd8f4350f,C0000048,2018-02-19,1031.77
P9485df62ad06,C0000048,2018-02-26,1159.28
P60d6cac227bf,C0000049,2019-06-08,1304.56
Pfa8767546bf2,C0000050,2020-02-19,1226.8
Pa9a4e17772c3,C0000050,2019-12-26,1461.0
Pa69030f74ba3,C0000051,2017-09-25,1255.14
P7b7ecfcba0b9,C0000051,2017-12-16,682.58
P838c1fa6b90b,C0000052,2021-05-14,1238.87
P9de171dc7ec1,C0000052,2021-04-06,1577.2
Pfe9bdf6fff38,C0000052,2020-11-25,1144.28
P0031f3a4668b,C0000053,2016-12-13,2039.88
P25a6751395f6,C0000053,2016-12-26,1109.73
P6cab8f197843,C0000054,2017-06-11,1106.61
Pa9bd87736e3f,C0000054,2016-12-21,1473.32
P4f2d5dab2401,C0000054,2017-05-22,1317.16
P0a034408a09c,C0000055,2019-01-04,913.43
Pe51b77b9e416,C0000055,2019-05-04,1742.79
Pfd30170d27da,C0000055,2019-06-18,1307.9
P36e65ab0c6c7,C0000056,2019-12-24,1451.9
P741d08101766,C0000056,2020-02-23,1130.63
Pea0362025add,C0000057,2019-06-13,1257.64
Pa0077fda9aad,C0000057,2019-07-02,652.4
P1dc4972f4945,C0000057,2019-05-18,353.46
Pfca23160f148,C0000058,2019-11-18,1093.07
Pc9fb29912f4d,C0000058,2019-10-28,1073.9
P633591219afd,C0000058,2020-03-19,1133.91
P36ab20b137ae,C0000059,2017-08-17,1289.01
Pfcde67ae347f,C0000059,2018-02-15,1008.62
Pd25276e5a86a,C0000059,2017-09-13,1279.65
P71f8f18901a0,C0000060,2018-05-31,1229.75
P685fbaae2fe1,C0000060,2018-07-26,763.47
Pba9676621573,C0000061,2020-03-27,1279.07
Pac844b299272,C0000062,2018-04-29,1047.48
P7eaf70fde09c,C0000063,2022-05-15,1425.68
P07facb269bc8,C0000064,2016-10-14,1141.51
P44a14feb08fd,C0000064,2017-01-25,1648.79
P8bdd09a9ee56,C0000065,2017-09-22,1522.79
P0568a321c315,C0000066,2022-11-18,1429.27
P3590cda3cbe3,C0000066,2022-06-12,1763.81
Pd1b5ab674132,C0000066,2022-09-18,1342.17
P9f87f436f4fc,C0000067,2023-07-11,901.77
P2d18f7234b7b,C0000067,2023-03-23,986.81
P660c57264ef8,C0000067,2023-09-14,660.64
P0d09b575a483,C0000068,2022-06-26,1231.97
P4039443d932f,C0000069,2020-10-02,2605.04
Pe75da4231c65,C0000069,2020-09-02,1448.31
P1dc06c032a4b,C0000070,2023-02-15,1413.54
P5815a3d44722,C0000070,2023-05-04,1417.82
P8b50d88713eb,C0000070,2023-10-02,1296.12
Pf64aff94b968,C0000071,2020-04-23,1131.02
P8c1b16b38aa9,C0000071,2020-06-21,1867.76
P93e479a7e511,C0000072,2022-02-20,1319.53
P0368b12aee5b,C0000072,2022-03-31,1675.7
P63152db4a4a6,C0000072,2022-02-09,1379.2
Pe479f77cb008,C0000073,2022-12-17,1063.96
P5cfa398ff654,C0000073,2022-09-14,1229.42
P14c5b139df03,C0000074,2024-03-16,1359.56
P7a9041023543,C0000075,2021-05-26,1352.91
Peedc62128db4,C0000075,2021-06-15,1260.58
Pacc04d12a26f,C0000076,2025-05-10,2156.77
P6467f1083ca9,C0000076,2025-03-11,1203.28
Pc25678322c0a,C0000076,2025-04-16,1768.39
P72520e4bcfb8,C0000077,2016-05-07,990.58
Pa39c7cc72ba7,C0000077,2016-09-09,2066.82
P9f1bf5a86dbe,C0000077,2016-12-16,1116.79
Pd39bb692b311,C0000078,2019-04-07,1382.64
P2b892c523695,C0000078,2019-01-27,1060.42
P11f8dae71573,C0000079,2019-06-25,1065.16
Pd08080a45c37,C0000079,2018-12-13,1233.59
Pa6b91f1dc982,C0000080,2022-05-12,1573.62
Pf29811de400e,C0000080,2022-06-25,1175.57
P3a3589fea599,C0000080,2021-12-22,633.39
P29ebdc9d4bf7,C0000081,2023-12-08,258.36
P9e711f0b91c1,C0000081,2024-01-07,1341.56
P753d6f9a5f68,C0000082,2019-06-11,539.7
Pc9a2f0fed70f,C0000082,2018-12-22,1034.06
P29a6a4dba423,C0000082,2018-10-14,680.02
P2ae7f009c253,C0000083,2016-07-07,1300.84
P28a1ffdee8ec,C0000084,2017-05-09,1850.4
P8547e87b9d0f,C0000084,2017-05-14,1702.92
P264145d5feaf,C0000085,2017-09-19,681.67
Pd041a78aba10,C0000086,2018-09-16,791.09
P33b79f585045,C0000086,2018-09-17,800.86
P06057f3328fa,C0000087,2019-02-17,1087.79
P51ff56234ddc,C0000088,2017-10-14,1067.55
P5fc0ed97b6d2,C0000088,2017-12-15,483.42
P8a80989ae622,C0000088,2017-09-14,1320.22
P97c530537c94,C0000089,2023-05-27,690.22
P129f6f56b002,C0000090,2024-10-14,1418.45
P212db81f4a77,C0000091,2018-08-04,1406.24
Pae6d180ffaf5,C0000092,2020-06-18,1673.73
P76ad0d45e9ae,C0000093,2021-03-27,1661.03
P1b7139d0c5e5,C0000094,2021-07-31,1357.1
P4e00adb896be,C0000095,2024-06-05,473.37
P6dbabd84611d,C0000095,2024-08-10,1288.97
Pd5cd6521a212,C0000095,2024-05-18,1547.17
P52f7223035b1,C0000096,2021-02-20,1720.16
Pb95d92e06438,C0000096,2021-01-23,1746.9
P622fc9f2c0f9,C0000096,2020-08-27,1688.15
Pcd1cf47c6f4e,C0000097,2022-08-02,1030.6
P395cdb242a13,C0000097,2022-09-27,1189.93
P4efcfc8fd696,C0000098,2022-07-18,1626.95
Pf6afb12be0a5,C0000098,2022-08-30,1564.99
P81320a80c1ac,C0000098,2022-09-11,797.47
P67591e1964b5,C0000099,2024-05-31,1438.38
Pc5db91148f91,C0000099,2024-07-22,1298.46
P9ff55b740515,C0000100,2019-03-30,1099.58
P9748d1503382,C0000100,2019-03-12,1183.32
Pe8fc71c505e8,C0000101,2025-04-24,1641.41
P74e76f842009,C0000101,2024-12-18,948.33
Pfc8380eb6483,C0000102,2019-07-18,1905.64
P94cdd1d2185a,C0000102,2019-12-28,1306.94
P5a70d96013e8,C0000102,2019-10-02,1581.73
P3543ec4e23bd,C0000103,2019-12-27,2308.75
P0dd62bfd51de,C0000103,2020-07-07,933.03
Pc0aa14a630c6,C0000103,2019-11-23,1492.52
Pcdb28ded5827,C0000104,2023-10-27,1273.18
P28778c0b8422,C0000104,2023-07-13,1081.08
P9b804f23d721,C0000105,2022-09-07,963.36
Pfc841459ad8e,C0000105,2022-10-30,1184.55
P388796a7439e,C0000105,2022-11-22,385.62
P15360e776540,C0000106,2020-09-22,1638.27
Pf17c9abdc4b4,C0000107,2022-09-15,1341.17
P406adc6d1ce4,C0000107,2022-01-26,1561.5
P3f35daf60b47,C0000107,2022-06-04,1665.37
P98ab634a88e1,C0000108,2023-04-12,1421.05
Pc20f1cbb0f23,C0000108,2023-07-23,1251.58
Pf30fc9bda0e6,C0000108,2023-09-30,785.7
P0684f6f4a650,C0000109,2023-08-21,1167.88
P8013b03be2f1,C0000109,2023-06-11,2069.37
P18f00be786a4,C0000109,2023-03-10,1543.22
Pa060cdd00760,C0000110,2025-02-11,725.35
Pe22fbdea4568,C0000111,2024-06-23,1448.62
P8e77ad35f791,C0000111,2024-07-07,2051.8
P48bec2fd75eb,C0000112,2025-06-01,2248.4
P3b0bff22976b,C0000112,2025-06-24,1080.1
P684002ebbd26,C0000112,2025-08-25,1516.52
Pf10d641eaf7f,C0000113,2017-11-20,1368.46
Pa8aa655d9afe,C0000113,2017-07-03,1533.15
P753a38d5315e,C0000114,2025-04-24,903.26
Pf3fefadc83cf,C0000114,2025-05-17,1131.17
P8caf47c02ec9,C0000114,2024-12-28,928.98
P40f4ba881165,C0000115,2025-06-18,1326.12
Pf8fce8e64a87,C0000115,2025-03-03,1178.72
Pef4f32813da8,C0000116,2024-04-28,1035.53
P16cbe0fc9f79,C0000116,2024-09-19,2123.68
P3fbf16dec0b8,C0000116,2024-06-25,1058.92
P379e68dd72e3,C0000117,2022-02-02,690.85
P216352852aa0,C0000117,2022-03-11,1426.1
Pf4b61206e269,C0000118,2023-09-09,2252.37
P1865ba3bb3e4,C0000119,2022-01-30,1380.45
Pd2ac4007e0e1,C0000120,2021-06-23,1344.77
P35e027265116,C0000120,2021-10-09,428.1
Pe07b913d37f9,C0000121,2023-01-22,1059.43
P3b689eb9a3c2,C0000122,2024-03-14,720.56
Pf841bd6f4777,C0000122,2023-12-10,1482.51
Pcaff75aad628,C0000122,2023-11-30,1684.05
P272ab5991196,C0000123,2020-10-02,1259.24
P3a943b4dcfd9,C0000123,2021-05-01,1016.79
Pdd6b38b7e190,C0000123,2020-11-18,895.42
Pa67671117e16,C0000124,2022-09-16,1867.5
Pbb62fafbbec0,C0000124,2022-10-13,946.97
P6bcf063a66d4,C0000124,2022-09-12,813.42
Pba6049ae287e,C0000125,2019-10-20,862.74
Pf0f7f79594cc,C0000125,2019-07-23,1410.07
P7af1820547ee,C0000125,2019-11-07,1546.8
P9e9bb58cba06,C0000126,2021-12-01,1674.83
P6d02b68614b0,C0000126,2021-11-14,733.63
P75f1a9f6df8d,C0000127,2018-07-23,726.85
P1629d8c9b14b,C0000128,2018-10-26,1570.08
Pa05039c09818,C0000129,2016-11-13,948.72
Pa1ac12c398d4,C0000130,2023-02-15,739.74
P967916492e7f,C0000130,2022-09-24,755.35
Pc0f9b3f01865,C0000130,2022-11-22,2163.96
Pffa4c30deae9,C0000131,2024-01-27,815.01
P6a4c34eed571,C0000132,2020-07-06,1410.56
P9df58b3ba73b,C0000132,2020-07-23,1370.93
P0d3decda21c5,C0000133,2023-08-08,778.92
P58782d9c489e,C0000133,2023-03-03,2348.23
P27436e6085c4,C0000134,2019-12-07,1305.97
P88e78f38a758,C0000134,2020-05-05,536.2
P0b1adbb02d07,C0000135,2022-03-27,1043.69
P033a1752421b,C0000136,2018-03-23,1325.72
P780b9ef27420,C0000137,2022-08-23,1430.8
Pbbe150e5fedd,C0000137,2022-03-04,1449.51
P1a01bba308e8,C0000138,2022-10-30,1422.43
Pce65625324bc,C0000138,2022-05-02,1013.31
P9142e8780071,C0000138,2022-05-28,1802.61
Pe522e68c29dd,C0000139,2022-11-11,1760.68
P66f8b5ac67bc,C0000139,2023-02-14,714.72
P1276a8a58c63,C0000139,2022-08-17,1388.28
P0f1655b7b69b,C0000140,2022-08-13,1492.67
P3662579738c3,C0000140,2022-12-18,1267.68
P813f9d017adf,C0000140,2022-08-26,2056.73
P1ebbba7fdfa4,C0000141,2017-05-23,1172.47
P572181776203,C0000141,2017-06-29,952.63
Pda84672a7d47,C0000142,2023-09-09,1905.2
P410bd6237eb6,C0000142,2023-02-24,692.84
P5135c91c9b4c,C0000143,2024-05-15,1359.84
Pa69089a2ce7a,C0000143,2024-02-29,1351.51
P0c5b6ad21a30,C0000143,2024-05-10,1878.47
P13a10fd2abc2,C0000144,2018-03-18,1070.87
P3a6ffda1d5e4,C0000145,2022-05-28,938.79
Pb5c3699415b4,C0000145,2022-07-14,914.14
P694ef224fb49,C0000146,2016-08-04,1942.93
Pc79054a3243a,C0000146,2017-01-10,1509.14
P5f975bf5c8cc,C0000147,2024-02-17,879.21
Peda83132e014,C0000148,2018-11-01,1366.36
Pd807e07b31ce,C0000148,2018-10-30,1962.59
P6c1961c051e4,C0000148,2018-12-13,1036.28
P3db1c49449c4,C0000149,2022-06-03,1222.46
P29906f51020b,C0000149,2021-12-04,1125.21
P845376f20ea2,C0000149,2021-11-29,803.78
P44393b42934b,C0000150,2019-04-22,1422.27
P9087c8e72af3,C0000151,2024-02-20,974.38
Pb5a2c06ab2d0,C0000151,2024-02-20,924.26
P002578f453bd,C0000151,2023-07-13,1344.35
Pb54ab2259263,C0000152,2017-08-30,1280.69
P091bcfb165be,C0000152,2017-04-25,906.79
P9e0f69f9df68,C0000152,2017-10-02,1362.7
Pbdfa3c714551,C0000153,2021-10-18,963.51
Pe12afccbe661,C0000153,2021-11-10,1008.72
Pf67ca76c1f67,C0000154,2024-12-09,774.15
P0f21358e4846,C0000154,2024-10-08,1195.26
Pff60178079da,C0000154,2024-12-25,1237.61
Pc647d151193e,C0000155,2025-06-02,1578.02
P33a06f360502,C0000156,2021-11-12,1191.97
P6ef834968315,C0000156,2022-06-03,918.87
P9fdcdc2f2d75,C0000157,2022-05-05,805.84
Pb49314490d10,C0000157,2022-09-03,1546.9
Pcfc665848a0a,C0000157,2022-05-17,1148.27
P8d9749cd3ead,C0000158,2018-07-26,1670.77
P7da7b9d3c13c,C0000158,2018-08-27,1446.04
P7fa16c0ff066,C0000158,2018-11-18,1140.92
Padb9f06e7978,C0000159,2022-07-31,1156.82
P02fb7d7d1935,C0000160,2025-06-19,1600.86
P4e4befb4e55d,C0000160,2025-07-29,551.15
P37d386ec26ef,C0000160,2025-09-07,1277.55
P940cdd969e41,C0000161,2023-09-26,1160.16
P25976e3530ea,C0000161,2023-07-19,1620.18
P230c51da13a7,C0000161,2023-11-21,1875.3
P98725e462b98,C0000162,2019-08-17,946.12
P78b118d773a4,C0000163,2022-09-05,1159.79
Pc0a26dfcc65d,C0000164,2023-02-09,1855.12
P1f06f357c944,C0000165,2023-09-06,1098.62
Pf0457d1d2948,C0000165,2023-11-07,1612.37
Pe4ee70f183ce,C0000166,2024-03-11,704.24
Pfa12928557f6,C0000167,2018-03-31,747.16
P9884a0205144,C0000167,2018-08-27,619.11
Pf01e4ca72dc4,C0000168,2021-01-08,839.39
Pc5893252d1ca,C0000168,2020-06-03,1990.87
P10b4999b4ffa,C0000168,2020-06-07,339.9
Pd9c7b87dcee4,C0000169,2017-11-07,927.81
Pc0be2110d8eb,C0000169,2018-02-02,1170.31
P104e309835af,C0000169,2018-02-24,551.91
Pbd3af342ef6f,C0000170,2021-09-05,1270.15
P44644e72476a,C0000170,2021-08-16,1212.09
Pa423b178188c,C0000171,2016-07-12,933.6
P0f845fa78354,C0000171,2016-06-09,1840.96
Pef242fdc8189,C0000172,2016-05-06,1631.44
P3575537a7ff5,C0000172,2016-10-31,1067.45
Pcb051df744a6,C0000173,2016-06-24,1027.6
Pc7700becb5b5,C0000174,2021-07-25,721.8
P8ef43a5bb606,C0000174,2021-03-28,1628.57
P996e4bb08410,C0000174,2021-01-11,1837.47
Pc400b090129b,C0000175,2016-12-22,1979.06
P742c3dd0d01c,C0000176,2025-02-21,1357.96
Pb77c5f55f4cf,C0000176,2025-07-03,1215.96
P2afe210b13a2,C0000176,2025-02-17,667.83
P3b945fe0255c,C0000177,2019-04-22,1263.23
Pba191e651a67,C0000178,2019-10-28,1155.37
Pcd520c3aa818,C0000178,2019-08-26,1354.86
Pfeb07b568bac,C0000178,2020-02-25,898.8
P2f1d3b1bab44,C0000179,2022-03-16,1128.18
P81089c19abe1,C0000179,2021-09-11,1137.39
Pf8f9ab21dd68,C0000180,2025-07-26,930.75
Pbaa6c501561d,C0000180,2025-05-05,2012.99
P9b0a9770c0d0,C0000181,2020-04-12,1438.15
Pec4ec2a77edc,C0000181,2020-04-14,1311.67
P1f50ade42099,C0000181,2020-06-09,899.42
Pf0282f39ce08,C0000182,2020-11-28,1727.14
P89edf8c5461f,C0000182,2020-05-24,1525.45
P14c1732dcce7,C0000183,2021-09-04,1739.12
Pdf1af3e05af5,C0000183,2021-08-27,1156.28
Pa86eacf02769,C0000184,2021-05-28,1169.01
Pe4cb6421f073,C0000185,2022-11-16,921.6
P4e0bc7a379c2,C0000186,2023-02-27,860.8
P9b9b855e9cc9,C0000187,2018-05-30,850.63
P431384205efd,C0000188,2024-01-25,883.06
P72bf2c46567b,C0000189,2023-03-30,1318.82
Pd14cd5aae09c,C0000189,2023-08-08,817.1
P7775fb9c2c4c,C0000189,2023-07-25,1419.96
P92757d079559,C0000190,2023-05-24,734.91
Pbcbe1485c25d,C0000190,2023-11-12,1989.3
P874c602c18f1,C0000191,2020-06-10,2016.08
P6ce2fd6a71d8,C0000192,2020-11-25,1662.08
P857bad526852,C0000193,2023-08-30,729.83
Pace863c0afeb,C0000194,2023-10-04,1288.82
P9a584c25b465,C0000194,2024-03-12,1036.77
P88818fadbe80,C0000195,2017-11-28,1644.97
Pb6c0bf467693,C0000195,2017-06-30,969.34
P4e7df4a4a57a,C0000195,2017-10-28,1933.68
P1375976ec85b,C0000196,2018-03-17,1421.33
Pc1c5cdab85d6,C0000196,2017-11-21,1007.02
Pc74c9495b2d3,C0000196,2018-01-17,605.14
P8d9851240a8a,C0000197,2018-06-07,1080.59
P62ed742a6444,C0000197,2018-03-14,1220.63
P218acd09a2db,C0000198,2018-10-04,1270.17
P2197ad8463aa,C0000198,2018-04-25,1111.5
Pacaeb470cf60,C0000198,2018-07-11,1971.53
P5a35e9cbb847,C0000199,2020-10-23,1335.56
P2f0fd079268c,C0000199,2020-08-03,1110.97
P8f394657cb4a,C0000199,2020-09-25,1035.36
P5edac13a079f,C0000200,2021-12-02,625.3
Pae664da71aa0,C0000200,2021-11-02,1295.53
Pf87d0c757d7a,C0000200,2022-04-24,1079.28
P271c8cd2c79f,C0000201,2020-08-17,1317.58
Pce74577ca5f9,C0000201,2020-09-02,892.65
P673dba0ff03b,C0000202,2022-06-12,2453.88
P1ab8e19f9847,C0000202,2022-04-28,914.63
P16a889a6ec5a,C0000202,2022-09-25,1398.09
Pe50df7af8126,C0000203,2017-01-12,1749.51
Peac4292834e5,C0000204,2023-09-12,1516.2
Pda7570f90dc1,C0000204,2023-07-13,625.86
Pf530eb62e3dd,C0000204,2023-10-26,1309.99
P9a71789928a0,C0000205,2022-12-31,541.56
P86edb8f81e78,C0000206,2018-10-10,1181.69
Pf1ceb0cd9c37,C0000206,2018-09-12,1210.78
Pe67c34d73568,C0000207,2017-09-21,509.61
Pd6630c3f769b,C0000207,2017-10-17,1378.51
P0266823e52ce,C0000207,2018-01-15,1304.05
P33ab11d67998,C0000208,2020-02-25,1224.27
P7ff28d188cef,C0000208,2019-11-15,1083.76
Pe2f09b286c9e,C0000208,2019-12-06,1462.32
P3dd0c7d98725,C0000209,2020-01-14,1069.1
P75472ec45121,C0000209,2020-01-23,1795.78
P910a56739486,C0000210,2021-10-16,1562.5
Pfd3bf932c2b1,C0000210,2021-06-11,634.65
Pb511f51c0e1e,C0000210,2021-08-10,1648.98
Pfab4b90d2d8e,C0000211,2024-02-26,1676.73
P4918f1b6cd2b,C0000211,2024-02-16,1354.51
Pd865edef23c8,C0000212,2018-09-06,1497.11
P3359b31a49a7,C0000212,2018-08-06,762.23
P6196e61217d2,C0000213,2017-05-15,1893.24
Pa76278cb9ccf,C0000214,2022-03-28,1221.37
P9ae40280a16d,C0000215,2021-10-13,1659.47
P3bc9303f2cf5,C0000216,2015-07-10,1653.73
P455fc4377d21,C0000216,2015-09-17,1078.59
Pb429bddfb79c,C0000217,2016-07-14,1049.55
Pd4100fd11012,C0000218,2020-07-16,1671.1
P99158dcb9909,C0000218,2020-02-03,755.84
P633ef89244fb,C0000219,2017-07-10,429.36
P37fba897bd3e,C0000219,2018-01-13,1158.42
P772f894894b4,C0000220,2021-01-08,1022.69
P1d0bbe20cbb4,C0000221,2021-03-05,1172.62
P61d02ae03e47,C0000221,2020-09-02,1034.01
P008cc860b8b6,C0000221,2021-03-19,1599.36
Pa9215072d628,C0000222,2023-03-20,1526.82
P46dcda2051fd,C0000222,2022-11-15,1410.58
Pdaa22622e3d9,C0000223,2021-04-18,1069.68
P0c6b3d541dff,C0000223,2021-03-17,1230.15
Pee1e1e9c1709,C0000223,2021-05-27,1773.93
Pd3baeeecff31,C0000224,2023-01-12,1713.11
P252eac1b34b0,C0000225,2020-12-05,1206.97
P72e93a64b336,C0000225,2021-05-07,1021.14
P890f7c1119ce,C0000226,2017-03-07,556.21
Pee43d2a469cc,C0000226,2016-12-15,1262.5
P1908e49d1396,C0000227,2022-04-10,1287.78
Pa6f79915e41f,C0000228,2019-11-07,808.24
P30e96127dbc6,C0000229,2022-11-11,867.45
P77185e99186d,C0000230,2024-07-01,1025.1
Pf963cb68c32a,C0000230,2024-08-13,1459.14
P571bc65ccbaa,C0000231,2016-10-22,1178.2
P1de8f3c4ee32,C0000232,2023-02-21,1228.89
P2250e4ea866c,C0000232,2022-08-14,1500.15
P7437fb8c61c3,C0000232,2022-12-19,1885.72
P2994b0f5805c,C0000233,2019-09-19,994.09
P4654e530f06a,C0000234,2019-08-12,1183.92
P9c4735692102,C0000235,2022-12-08,1303.26
P9dcb865f5861,C0000236,2024-04-15,1753.7
P8a022ad4062d,C0000237,2020-04-23,1210.58
Paa385bf3aa81,C0000237,2020-04-14,975.48
Pf0762cdbe20e,C0000238,2016-10-13,1887.98
Pa3405ddb841a,C0000238,2016-06-27,1670.02
P56eb1b1f12f8,C0000238,2016-04-26,1147.51
Pff69a7291637,C0000239,2016-09-18,1276.21
Pa4e5d49d1c42,C0000239,2016-08-27,1457.92
P5d30784cc6fd,C0000240,2023-01-18,1073.4
P30aed0cadb4f,C0000241,2022-07-22,2435.2
P13d925bfc4e7,C0000242,2018-10-30,1784.78
P27d147be0114,C0000243,2020-11-07,1419.31
P60153bc66e74,C0000243,2021-01-17,742.41
P17f81a007773,C0000244,2016-08-16,1161.15
Pace0bc4d6c39,C0000245,2022-02-10,1453.24
Pd0f8317e2e85,C0000246,2021-11-10,1729.27
Pe20bcf3d04a4,C0000247,2023-05-26,2110.11
Pf77559d28c39,C0000247,2023-10-17,1633.62
P3f381fa21bfc,C0000247,2023-10-20,289.94
Pd2ffc8500de3,C0000248,2022-06-02,1576.85
P2b7d33fdbe64,C0000248,2022-06-03,1683.21
P865e19e79e70,C0000248,2022-03-06,1454.82
P91907947432b,C0000249,2022-09-08,1489.75
Pcdf4303c8fa8,C0000250,2022-11-11,2455.29
Pebaec9b65b0b,C0000250,2022-06-24,3054.96
P019330c6d845,C0000251,2016-08-11,964.88
P45d860a20e40,C0000251,2016-01-23,497.1
P07bb2d5daa8a,C0000252,2023-07-06,1191.55
Pae1946a6a571,C0000252,2023-09-18,887.59
P3a9da5da888e,C0000252,2023-11-06,1666.12
Pde1699fc9370,C0000253,2017-04-13,1609.17
Pa188ee749e87,C0000253,2016-09-30,1521.57
Pb32e2262db6b,C0000253,2016-08-14,1491.53
P221b432732a8,C0000254,2022-08-10,1676.72
P96610cee7b78,C0000255,2019-05-08,1447.72
Pb1e253400d7b,C0000256,2024-09-19,1835.48
P934ecc79e915,C0000256,2024-09-29,547.12
Pc28041c955ee,C0000256,2024-09-19,1432.88
Pc2848c9f1d29,C0000257,2019-10-22,1835.72
P9106ca5640f0,C0000257,2019-09-27,1827.68
P0cd4ba25358f,C0000258,2020-12-06,1230.24
P20166a061d44,C0000258,2021-05-03,1381.22
P445a29db6a96,C0000258,2021-03-03,1371.49
P3efc7d60e875,C0000259,2016-04-24,273.54
P85fd618965c8,C0000259,2016-07-06,740.39
Pf963e494d360,C0000260,2016-12-01,1035.39
P2b523b2a3a45,C0000260,2017-07-02,824.41
P2850c89e01ea,C0000261,2025-05-20,671.05
P2dd7b09da268,C0000262,2017-07-13,1374.24
Pf4385fa1ba5e,C0000263,2017-11-25,720.39
Pd1fd3f785c8d,C0000263,2018-01-13,805.13
P240dd9cecd34,C0000263,2017-10-12,1092.68
Pa4be87920c28,C0000264,2018-06-02,1011.52
P0e0377c5c027,C0000264,2017-12-31,796.71
P872aae5631a3,C0000264,2018-06-12,1087.39
Pb2ae590d6c86,C0000265,2019-11-28,1898.83
Pc5a19d1487e5,C0000266,2020-10-27,1000.7
Pf42c38b32425,C0000266,2020-06-09,1473.58
P06e2ddca7c11,C0000266,2020-07-26,1069.78
P3e1653fca690,C0000267,2019-03-22,1218.71
P90dcd82dd7b7,C0000267,2019-05-01,1306.54
P2d23fbeed0f5,C0000267,2018-10-20,1581.73
P1037be0bf4c5,C0000268,2024-04-16,1128.46
P4f2273ccb27b,C0000269,2017-11-24,1104.08
Pbc7d18af8926,C0000269,2018-03-11,1413.49
Pd1947a146a01,C0000270,2019-10-15,767.13
P56dab708f512,C0000271,2016-07-15,1017.93
Pbdcccc764ee6,C0000272,2021-08-11,1287.99
Pa25e5d6cdaa7,C0000272,2022-03-09,1311.27
P8040033af786,C0000273,2019-12-08,1500.9
P71eb559babc3,C0000274,2025-01-04,884.99
P2047b0db8fe7,C0000275,2022-07-22,1473.45
P6cdc90eb7887,C0000275,2022-11-30,1273.02
P0b51928ddf24,C0000276,2019-11-08,1390.91
P01617a0602ba,C0000276,2019-06-12,1006.51
P17f06e928228,C0000276,2019-06-27,611.76
Pb49338025870,C0000277,2024-08-15,1882.06
Pa21830537d11,C0000278,2020-09-09,1400.68
Pf1b086058fc7,C0000278,2021-01-18,974.79
P844ee257741f,C0000278,2020-12-05,1711.52
Pf721a37c70c8,C0000279,2021-10-12,1620.13
Pd8557e7b368a,C0000279,2021-08-17,2082.13
Pa3ad5cf59172,C0000279,2021-08-01,720.01
P0281dad321bd,C0000280,2016-06-23,1152.73
Paaf173b18e3c,C0000280,2017-03-01,1389.92
P3ba6881b33bc,C0000280,2016-07-16,998.48
P94cf3db69890,C0000281,2017-09-30,1358.74
Pe5d278d13080,C0000282,2020-09-26,123.6
P4e5081685cb7,C0000282,2020-09-11,641.23
Pdfa07f7d76ab,C0000282,2020-12-18,1935.64
P9959c510ded3,C0000283,2023-01-28,1308.78
P33235de73388,C0000284,2022-04-23,1436.93
P15fc6d93527d,C0000285,2020-03-03,707.57
Pf19a9fbb4fbc,C0000285,2020-08-14,824.01
Pd0674c459b9b,C0000285,2020-06-29,1356.85
P3c35706b226d,C0000286,2020-03-03,1510.83
P1d42affb7137,C0000286,2020-01-21,773.11
Pde295159d8aa,C0000286,2019-11-09,1852.47
P14603c0058d4,C0000287,2022-02-16,694.11
Pa4f4be8d4287,C0000287,2022-06-13,1520.5
P70ca1b4a0b35,C0000288,2020-10-24,2008.36
P3569f1055e4f,C0000288,2020-08-06,934.76
P10206cee83bb,C0000289,2024-12-23,1383.1
P6143bdfd3991,C0000289,2024-08-02,940.84
Pf4d40faa1195,C0000289,2024-08-01,138.52
Pc352081959f7,C0000290,2019-08-11,1182.24
P4179325db363,C0000290,2019-10-06,1034.85
P1385ec58a014,C0000291,2016-07-07,1107.32
P0fe64968653a,C0000292,2024-05-20,1784.72
Pb22589e4e548,C0000292,2024-09-04,1723.85
P6d92d5e695a1,C0000293,2018-03-30,889.87
P5b098db2a19c,C0000294,2024-03-23,1631.9
P3df269e43155,C0000294,2024-06-10,1150.85
Pb943f8cbdd97,C0000294,2024-05-15,1816.66
Pd6e4f649d06a,C0000295,2024-03-01,1203.86
Pa0710adbdcdf,C0000295,2023-10-31,1266.5
P662a12b44215,C0000295,2024-03-16,1414.43
P461574360c24,C0000296,2018-06-24,2013.92
Pb0e2d1e5df15,C0000297,2018-05-26,1275.91
P3b49807fc750,C0000297,2018-08-09,221.99
P8064a951dbd6,C0000298,2023-04-18,957.43
P88afafe9ed88,C0000298,2022-09-11,1782.59
P895b99081a25,C0000299,2021-03-17,2180.17
P14c84db1ca7b,C0000299,2021-04-14,1785.93
Pe3f83dba7138,C0000300,2020-04-03,1195.9
P12ebd0c0e59b,C0000300,2020-05-22,982.78
Pa79d075f36a1,C0000301,2022-11-25,1221.29
Pbe2af167fc3d,C0000301,2022-08-03,1480.14
P2de75b33872e,C0000301,2022-05-02,1385.7
Pea204937ebc6,C0000302,2017-10-15,1211.55
P1d24a810e738,C0000302,2017-08-15,1005.82
Pa75a2952f98e,C0000303,2021-09-09,1373.4
Pf1b1a54df9bf,C0000304,2017-11-12,1263.68
P36c69357ce46,C0000304,2017-08-30,1509.73
P6512d47cedc9,C0000304,2017-04-27,1540.9
P3092647d5990,C0000305,2017-08-21,1797.36
P57917f5aaf7b,C0000305,2017-09-12,1193.37
P23329c0aa12f,C0000306,2022-08-20,1567.88
Pbf2dab146283,C0000306,2022-01-20,1251.12
P7b95f58bb874,C0000306,2022-04-08,390.08
P1b5a55ece30a,C0000307,2022-10-15,718.73
P28f35f366440,C0000308,2019-06-21,1001.36
P4a8f7357dbef,C0000308,2019-05-19,1064.33
P102eeee9ad75,C0000308,2019-11-09,1754.76
P756cb7bcddb3,C0000309,2019-11-16,956.02
P33cb2e842ef1,C0000309,2019-10-29,1392.76
Pc2f2fb0cf1ed,C0000309,2020-06-13,1247.75
P3601ec9c56ca,C0000310,2023-07-03,610.35
Pd645f9663952,C0000310,2023-03-12,1216.51
Pcf22d2c22129,C0000311,2024-11-08,1411.36
P7f044be5d972,C0000311,2025-03-11,2057.15
Pdc39648a7cdc,C0000312,2021-01-15,1022.04
P2d29ec0fd52e,C0000313,2021-08-05,1030.74
P3cdbdb4f1d9d,C0000314,2017-05-25,1151.05
P8d635ca61ef8,C0000314,2017-07-08,1192.17
Pff4d7aa8a1a3,C0000315,2021-02-18,1743.77
Peafbb367715b,C0000316,2019-07-02,712.86
P1624d4cefb6c,C0000317,2024-02-20,730.31
Pe1963642d2fc,C0000318,2023-10-15,1935.49
P9a32b8f10081,C0000318,2023-07-02,631.77
P9592a2452b29,C0000318,2023-06-21,1994.92
P42f07c1d5fba,C0000319,2024-05-19,1044.33
P4f1d09ffc511,C0000319,2024-09-06,1755.17
Pc3ec30986948,C0000319,2024-09-12,1021.2
P5057b3a8e01b,C0000320,2016-11-15,953.46
Pe24b186bcd71,C0000320,2016-10-08,1613.46
P528d68f90471,C0000321,2018-07-06,540.3
P7f7bf528dabe,C0000322,2016-07-03,1143.64
Pd28aa31b11e1,C0000322,2016-05-12,751.31
P0c00a4432c86,C0000323,2022-12-03,1606.07
P421827958802,C0000323,2023-03-01,1447.63
Pd2b47fe256e4,C0000324,2024-04-19,923.96
P7120a454f042,C0000324,2024-08-17,1758.07
P20314824c270,C0000325,2019-05-15,1274.9
P9d07090246d8,C0000325,2019-02-10,1173.3
Pb2cd352aec43,C0000325,2019-01-28,1178.71
P9b643e0c536e,C0000326,2019-03-18,1224.74
P74cb9011384d,C0000326,2019-03-15,1118.74
Pced0a9ab5d69,C0000327,2021-10-19,393.29
P5188468ec2ff,C0000327,2022-02-24,950.78
P7d428870cb7c,C0000327,2022-04-23,1139.2
P2ec84bdcf1f4,C0000328,2023-02-15,1297.84
Pae842581ba89,C0000328,2022-12-30,1898.66
P115d4d204a11,C0000329,2018-01-30,1404.14
P5fd706456d0c,C0000329,2018-03-20,1379.65
P377e9f43753d,C0000329,2018-02-01,717.07
P4e02f528986d,C0000330,2019-03-31,1451.5
P9794269208df,C0000330,2019-06-30,1873.98
P216474e91368,C0000331,2017-08-08,950.12
P75c18368569c,C0000332,2025-02-16,1026.51
P4c55fbcacca0,C0000333,2023-07-08,1729.87
Pee75459e7dda,C0000333,2023-09-20,1166.39
P1ead876f231c,C0000334,2024-03-03,1196.05
P25127bed028c,C0000334,2024-03-08,1962.67
Pcaa406bdcde8,C0000335,2024-10-30,1373.92
P6693bdb9f14a,C0000335,2024-04-27,1987.15
Pc512f4102881,C0000335,2024-11-06,1671.95
P0356860d9d4b,C0000336,2018-12-26,476.42
P8b163deb97d9,C0000336,2018-12-29,1698.58
P0f486ee290cc,C0000336,2018-07-23,760.22
P9aaaa5f76fea,C0000337,2021-03-11,1535.74
Pf984917d3727,C0000337,2021-02-11,1660.41
P4884be9b264a,C0000338,2021-06-06,1618.36
Pb9d825f0a7d3,C0000338,2021-08-27,1657.94
P866c1e7ce873,C0000338,2021-09-15,1044.9
P93c8e2675459,C0000339,2019-04-12,804.99
P2acd32fd4bd0,C0000339,2019-05-16,1114.82
P293e01814db4,C0000340,2021-03-27,1190.31
P9297de4c8f9e,C0000341,2024-04-08,740.64
P687cdcf3d8ef,C0000341,2023-10-20,1265.56
P13b92bb7fa6f,C0000341,2023-12-08,2424.11
P8e8555de7bc6,C0000342,2019-03-24,1636.89
Pa77bc04fc95c,C0000342,2019-07-18,1774.77
Pe72f3b3c144d,C0000343,2017-03-23,1156.1
P22a6616c2d86,C0000343,2017-04-06,1126.14
P3921484d0c6b,C0000344,2020-09-07,1742.61
P92f9279e21b5,C0000344,2020-01-21,930.1
Pb152788b6834,C0000345,2021-03-10,1348.98
P0567d96b69de,C0000345,2020-11-17,1168.67
Pfd4d94741ce7,C0000346,2025-01-03,2276.4
P5772244dd1c2,C0000346,2024-07-29,1629.36
P827b6e389ffe,C0000346,2025-01-11,1523.93
P4625a9ad6d3f,C0000347,2017-07-05,1851.61
Pbf3bfb99e858,C0000347,2018-03-06,2250.97
P583b9e7829fc,C0000347,2018-01-29,2138.69
Pf1e532c910f7,C0000348,2017-01-29,962.93
P8a7d90c3cb3e,C0000348,2016-08-09,1595.67
P028b7bcc39d4,C0000349,2024-07-06,550.67
Pa6ccd5949143,C0000349,2024-01-14,1160.76
P6ac2a53f105c,C0000350,2021-03-03,844.12
Paf56a78453f6,C0000351,2022-05-11,1178.29
P8bff06400287,C0000351,2022-05-10,1257.31
Pdae75928018a,C0000352,2018-06-02,764.68
P57cf5ba107dd,C0000353,2025-04-17,2325.52
P63557f4b0f72,C0000354,2021-11-12,1056.49
P48114c623aff,C0000355,2025-01-27,651.55
Pa112434c7dfe,C0000356,2015-10-19,1650.65
P2e68ad54c24a,C0000357,2019-10-30,1613.31
P2c1f8ca062dd,C0000357,2020-01-12,1078.29
Pb7fc01e2988e,C0000358,2021-08-29,1084.82
P4a9709ff7426,C0000359,2018-02-11,1319.61
Pdf0073d6f22c,C0000360,2022-01-10,1120.69
P29b79777b0dd,C0000360,2022-05-14,1481.33
P3b9a706b1a1c,C0000361,2019-11-16,1188.72
P12f5f2d99cc3,C0000361,2020-02-07,1014.97
Pcb839b31a0b4,C0000361,2020-02-04,1584.92
P98876fa371d6,C0000362,2018-10-11,1404.34
P4274c2e99c67,C0000363,2025-01-14,1573.3
Pcfb0b36a1d32,C0000363,2025-02-11,1002.03
P70cf62204578,C0000364,2018-09-27,818.38
Pedb1095ac7f6,C0000364,2018-11-15,1705.26
P5f4891eb8aae,C0000364,2018-08-05,1003.37
P75ff506983db,C0000365,2016-12-16,1040.97
P02cd0ccca22b,C0000365,2016-10-03,1952.86
P58e789fc7aa8,C0000366,2018-06-16,1761.5
P922585419081,C0000366,2018-03-23,1466.71
Pd0152386db6c,C0000367,2019-01-31,725.92
Pce76596ab8c3,C0000368,2019-05-29,989.41
P55d0c0e28687,C0000369,2024-06-28,1376.97
P1970cd65acd4,C0000369,2024-12-17,1502.99
P3242211cac1b,C0000369,2024-05-22,1421.21
Pa9e39289eb8e,C0000370,2024-12-14,1018.37
P60647a777cf9,C0000371,2017-02-23,731.91
P00584579fa3e,C0000372,2015-09-28,673.0
Paf9ba97715ff,C0000373,2023-02-08,888.54
P6eff261cffa4,C0000373,2023-03-25,1364.94
Pd9ffdb6a2045,C0000373,2023-03-22,1181.94
P861fcc9ec714,C0000374,2024-05-07,1361.73
P24b987c913e2,C0000375,2018-01-22,402.74
Pace11849efb1,C0000375,2018-01-16,1061.45
P49f8473548ee,C0000375,2017-11-18,1369.25
P83a87aba10f8,C0000376,2022-02-04,670.76
Pf1b4d5ee86a4,C0000376,2022-09-02,1485.82
P3caa14c789b5,C0000377,2020-06-24,1624.31
Pd590ed5007d6,C0000377,2020-02-08,1853.36
P41f700d01cff,C0000377,2020-01-19,932.62
P0e435cf44dda,C0000378,2016-10-08,814.31
P77b547469a54,C0000378,2016-07-13,1864.62
P8eaf21b95c97,C0000379,2020-08-30,1768.36
P38f46f625fd2,C0000379,2020-03-03,2002.95
Pc1238682b5ae,C0000379,2020-03-09,1042.37
Pe2b2ee3b7ba0,C0000380,2022-02-05,1185.46
Pab48ed123a96,C0000381,2025-06-23,431.39
Pe6ce41035ea3,C0000381,2025-01-26,1257.32
P33a96a76ecc9,C0000381,2025-02-01,1500.13
Pd0a1df5ed134,C0000382,2021-11-26,1381.91
P0508a31b87ff,C0000382,2022-05-17,1306.23
Pf169c7497419,C0000383,2024-02-01,1272.03
P97c47d8e186b,C0000383,2023-06-22,1621.74
Pc10cff8897b2,C0000383,2024-02-17,822.38
P43fb1e52805a,C0000384,2023-11-29,2289.59
P87cf6493a870,C0000385,2024-04-22,1244.33
Pe2bf2c905ec2,C0000385,2024-06-07,933.64
Pa6006a5e37dd,C0000385,2024-08-23,1812.01
P3436ff869146,C0000386,2019-03-08,1429.09
P8c20d93cd0ac,C0000386,2019-04-20,1455.61
P68610eb14c34,C0000386,2019-08-05,1376.98
P86f9830f1fe8,C0000387,2019-12-02,1133.0
Pf7e105ddec96,C0000388,2020-06-28,1089.61
P259bc11f1452,C0000388,2020-04-03,862.5
Pd57c4be65fcb,C0000388,2019-10-28,1117.39
P47d672b72ddf,C0000389,2018-05-20,819.04
Pf817df244243,C0000390,2020-10-19,2067.85
Pdfa2c4ac6316,C0000391,2016-10-14,1614.52
P079b3653502b,C0000391,2016-11-29,1030.08
Pa576bd3d5356,C0000391,2016-10-20,1361.11
P0487c1684e9b,C0000392,2018-01-03,909.38
P2aac768a3205,C0000392,2018-03-02,625.21
Pd6fde73156b3,C0000392,2017-12-28,775.0
P606308c0b69e,C0000393,2024-07-04,1879.26
Paaccc4986a22,C0000393,2024-07-01,1580.64
P143b276dfd34,C0000393,2025-03-08,886.64
P3b38af969d25,C0000394,2022-05-03,1024.69
P03490b9de84b,C0000394,2022-04-03,1985.57
Pf7c490d3f128,C0000395,2018-07-10,1076.59
P567db582c608,C0000395,2018-04-03,1257.56
Pcbe2b1a9f78b,C0000395,2018-03-29,777.66
Pd781c1968dc5,C0000396,2019-03-23,1435.48
P1e3c8bc6cd38,C0000396,2019-02-10,1417.34
P1cc2433403bb,C0000396,2019-01-15,1938.57
P4d94fbf273e8,C0000397,2017-07-26,1203.88
Pf9b72b0a214c,C0000397,2017-12-06,1532.09
Pb622438fba0d,C0000397,2017-10-04,1429.62
P5c3a32d96193,C0000398,2019-11-07,1839.19
P477f167b5047,C0000398,2019-10-13,880.09
P0065d65eb6ac,C0000399,2020-01-25,750.41
P5ddcd3f986ad,C0000399,2020-03-11,2018.2
P70b5223f65e8,C0000400,2025-03-16,1222.58
P485cc12ac320,C0000400,2025-02-25,1063.65
P3c801067cf0c,C0000401,2019-03-07,620.03
P0177c5b39089,C0000402,2021-04-07,1257.13
Pa785dd6a5444,C0000402,2021-06-18,981.67
P438eb9ba529d,C0000402,2021-09-11,1154.06
P940fd0d1d65d,C0000403,2024-04-23,1650.35
Pab0415634690,C0000403,2024-04-24,1460.77
Pc361c9fea0ef,C0000404,2022-06-23,1249.21
Pa871a4e2f316,C0000405,2024-07-16,1691.93
P7f4261098c64,C0000405,2024-05-06,1046.68
P560622732fb4,C0000405,2024-05-22,1626.0
P4cc5c529194e,C0000406,2019-10-09,1527.67
P22008075411f,C0000406,2019-06-20,940.0
P1510163bcbfb,C0000406,2019-10-15,1054.71
Pd7b16859d5b8,C0000407,2018-02-21,1456.82
P956374d1563f,C0000408,2016-01-13,1396.13
P4563df5073f9,C0000408,2015-11-08,2226.42
Pbf6c03ef800f,C0000408,2016-02-02,1565.63
Pd7a32c8b1ecb,C0000409,2023-02-06,1784.91
Pd7bafbeb0f82,C0000409,2023-05-31,1092.17
P6b247e8dccbf,C0000410,2017-04-14,1570.93
Pf3dea37bf55e,C0000410,2017-04-13,1336.62
Ped1ac6b50761,C0000410,2016-12-24,1461.73
Peab8fa2287f1,C0000411,2022-11-28,1313.94
P921a0d44bfa8,C0000411,2022-10-06,848.03
Pf60767045528,C0000411,2022-11-15,926.6
Pd7ac29365805,C0000412,2023-04-01,1489.97
P87ee04651079,C0000412,2022-09-18,808.61
Pf661f2d6c024,C0000412,2023-04-26,1295.16
Pdab872fd0790,C0000413,2020-06-09,1694.8
P0489a98bb9f4,C0000413,2020-11-06,1175.25
Pc9d75c8e4103,C0000414,2024-05-16,895.16
Pff749336640f,C0000414,2024-08-07,1579.91
P672acb89f675,C0000414,2024-01-11,1441.37
P01feb28f8980,C0000415,2017-02-03,1545.37
Pdca0284b8a94,C0000416,2016-11-25,668.63
P05fc626360fa,C0000416,2017-03-13,968.17
P6fd6673bf4a6,C0000416,2016-11-24,1892.05
Pe3cea6bb0a51,C0000417,2023-02-21,1322.17
P5df6be3db58e,C0000417,2023-07-20,694.84
Pcdc2aa17f169,C0000418,2022-05-05,1084.93
Pf20f2a33cc2b,C0000419,2023-03-21,487.5
P72e89b146c08,C0000420,2019-09-28,997.71
Pe464fc04d29d,C0000420,2019-01-26,1216.39
Pf1263f8660c7,C0000420,2019-02-28,804.48
P91f07ddcf38f,C0000421,2025-02-01,686.62
P5c42dea16fa7,C0000421,2025-07-23,1480.85
Pbc6eba54ed40,C0000422,2024-04-18,1140.29
P5c753d879876,C0000422,2024-07-16,908.26
P3f13edda6da3,C0000422,2024-03-03,659.4
P6c744507a592,C0000423,2022-11-22,1713.69
P1753a13b16cc,C0000423,2022-04-21,2109.11
P1643a4c29ac8,C0000423,2022-12-04,1468.75
P5709d4eef436,C0000424,2019-02-11,689.81
Pbdcda184e6ad,C0000425,2021-08-30,1274.46
Pa88e6a88e616,C0000425,2021-12-02,701.61
P5cf41671847d,C0000426,2017-11-18,1110.64
Pb6b0e50d875f,C0000426,2017-05-04,858.46
Pe3a19e70b2d1,C0000426,2017-10-30,720.04
P241f8753f54f,C0000427,2019-07-18,423.94
P3d1b208f7153,C0000427,2019-09-01,1306.33
Pe229e2bdb15a,C0000427,2019-11-06,1065.54
P03b555a31823,C0000428,2023-04-19,1133.13
P2e553b469691,C0000428,2023-06-21,1400.46
Pcb75c212462f,C0000428,2023-04-15,1151.0
P78c42ba963c6,C0000429,2021-02-05,971.07
P65b164c31267,C0000430,2025-02-19,1087.06
P5d52bd433653,C0000431,2019-03-02,1232.69
P102e10fb0fad,C0000431,2018-10-04,1963.47
Pee38bf7452df,C0000432,2024-10-03,1741.6
P137ba7be81ef,C0000433,2024-04-13,1334.15
P870a36ff40b4,C0000433,2024-04-19,1956.14
P2da71d0f8410,C0000434,2020-04-13,1253.68
Pb54517aa7b56,C0000434,2020-07-01,403.52
Pa35247cf28ea,C0000435,2021-08-31,1018.99
P78dfc6c02616,C0000435,2022-03-28,1149.37
Pb0cb6f220005,C0000436,2024-04-09,2157.9
P8bcfafa10f69,C0000436,2024-09-02,1477.73
Pf460c2a19f6e,C0000437,2023-07-28,849.18
P6a98abe5e8db,C0000437,2023-12-19,649.09
P50f82fab41ce,C0000437,2023-05-12,1347.19
P08b51ad2904c,C0000438,2018-05-24,684.78
P518b57069a21,C0000438,2018-06-13,1171.72
P56e99bac20fb,C0000439,2016-06-08,1433.46
P6b0599f53683,C0000440,2025-03-27,1247.19
P5b5128a7f319,C0000441,2023-10-19,803.18
Paf0509483312,C0000441,2023-07-07,949.68
P019d92074e1c,C0000441,2023-07-05,2253.2
Pcb4724edf59a,C0000442,2022-04-01,1516.4
Pd958bbd61f63,C0000442,2022-02-27,2072.8
P7de65fa655c5,C0000443,2017-03-21,626.66
P652a920129c9,C0000444,2017-09-09,904.27
Pb811249fab5c,C0000445,2017-11-11,1407.2
P1b823c0c69b8,C0000445,2017-11-19,544.67
P072e7d981e3e,C0000445,2017-07-22,1003.3
P4b7e07d740b4,C0000446,2025-04-25,1595.57
P902db75860a2,C0000447,2023-12-18,1836.56
P6767452fe329,C0000447,2024-05-24,1324.7
Pd0c75a3a6224,C0000448,2024-05-11,987.81
Pe5d057894589,C0000448,2024-10-03,801.7
P49e032712f4b,C0000448,2024-04-08,2061.41
P8892888ac436,C0000449,2024-08-28,496.36
Pc71b834858c8,C0000449,2024-12-14,663.53
P2d0e77775207,C0000450,2016-09-26,383.84
Pecb8e724f285,C0000450,2017-06-11,661.75
Pf073b1f30a76,C0000451,2018-09-07,1487.35
P022a0dd29829,C0000452,2023-02-18,1242.97
P3ef5ca4b5658,C0000452,2023-04-12,1434.27
P3dc7d2addde7,C0000453,2018-01-14,1026.05
P0bac06f1903f,C0000453,2017-09-05,1497.71
Pddcdfaf5e546,C0000453,2017-09-23,1162.06
Paa7fa2cb421e,C0000454,2020-03-16,765.9
Pdfd3b75c345b,C0000454,2020-06-13,1205.6
Pcef5d1e6825e,C0000455,2024-08-10,2017.7
Pb711fc17a807,C0000455,2025-02-26,1108.97
P65069531a129,C0000456,2017-10-01,1515.64
Pab29c5dcb567,C0000457,2019-04-19,1201.29
P6dc87db07787,C0000457,2019-01-17,1303.4
Pe15fbcce4ece,C0000457,2019-02-03,929.08
P8a7950f4478d,C0000458,2023-01-30,810.31
Pf83ccc179639,C0000458,2023-05-31,1855.6
P8dde9bdf0bfc,C0000458,2023-03-31,1194.68
Pd0a8651a5b62,C0000459,2016-10-02,1538.04
Pba5cca99589e,C0000460,2024-01-29,1167.93
Pd752a0a95989,C0000461,2023-04-03,520.44
P609f795ad98a,C0000462,2024-06-03,1182.45
Pfe72eb6080d1,C0000462,2024-03-05,967.7
P70d07a72514d,C0000462,2024-03-20,1946.17
P7425cdf92c98,C0000463,2025-03-25,1975.27
P9c3840c825ab,C0000463,2024-11-21,1133.21
P6301ee92748f,C0000464,2022-04-15,1405.38
P8a05ea68de6d,C0000465,2020-07-25,836.63
Pd4e5f3329f29,C0000466,2021-02-08,1062.43
P5038a7e31001,C0000466,2021-01-13,1929.18
P6c1e8a45ca9a,C0000467,2017-01-25,1079.64
P51002986ccd4,C0000467,2017-01-30,1008.61
P3b68243fb701,C0000468,2017-06-13,417.05
Pf481efd807c1,C0000468,2017-05-07,912.21
P42c360176749,C0000468,2017-02-01,893.99
P6fdb4b4dea4d,C0000469,2025-02-05,1412.06
P8a83e1a7054a,C0000470,2020-06-11,1218.18
P5b3d2c09e642,C0000470,2020-04-30,1284.33
P4c4b4d579e8d,C0000470,2020-02-14,1339.08
Pd81c5e53b088,C0000471,2020-02-04,1206.99
Pdcbccd98de07,C0000472,2022-12-07,1572.67
Pabc35e63f051,C0000473,2023-10-14,1481.42
Pbeb7c67661f5,C0000473,2023-05-30,1197.06
P6635b1d0e304,C0000473,2023-06-21,495.06
P5f254516c9c0,C0000474,2017-08-15,1128.07
P7535c08dea62,C0000474,2017-09-08,1681.34
Pab2afaef6219,C0000474,2017-08-08,1004.38
P306a618abe2e,C0000475,2018-12-01,1020.92
P93ed604fe3fd,C0000476,2018-01-24,801.27
P55a6a35d8e58,C0000477,2020-02-23,974.44
P3d013c8d886e,C0000477,2020-07-27,749.94
P54af2e85d243,C0000478,2024-07-03,1819.42
P883495a40bec,C0000478,2024-01-12,1622.73
P58ebac34b26a,C0000479,2023-10-20,626.42
P4970c1935757,C0000479,2024-02-20,1112.42
P89e6af0bb16f,C0000479,2024-03-05,1160.16
P50f38101af44,C0000480,2025-06-24,847.31
Pf11cdcfb219e,C0000480,2025-03-09,1515.95
Pd0cfa4127a8f,C0000480,2025-08-21,1986.51
P7a089467d70d,C0000481,2018-06-20,934.96
P7078535f8ed7,C0000481,2018-04-26,218.95
P6ed6a6bf7312,C0000481,2018-11-03,1357.72
P70c95a738da6,C0000482,2017-05-31,1097.31
P7a5336f30cda,C0000482,2017-06-26,1143.33
Pe92542b594e7,C0000482,2017-07-21,1152.79
P51e634ccca0e,C0000483,2022-06-25,1386.46
P20e4eafd3c88,C0000484,2022-09-25,1217.18
Pcac20dd165ea,C0000484,2022-09-05,978.58
P218302448de9,C0000484,2022-06-04,1695.73
Pd4f339c5948d,C0000485,2023-07-04,1298.72
P5b81aa75e86b,C0000486,2018-04-29,1699.78
Pfc8cd8ee58b9,C0000486,2017-12-18,1176.93
P25ef95aa5fee,C0000487,2024-02-14,1744.21
P804191866c7c,C0000487,2024-07-16,785.95
P1edc441875e3,C0000487,2023-10-28,1235.53
Pe536016df9cf,C0000488,2025-01-24,1936.15
Pbf4c03ea0781,C0000488,2024-12-20,1518.19
P9e4bd5d42792,C0000488,2025-03-24,884.55
Pbfa71b95c9e2,C0000489,2024-12-06,1342.77
P70510f1869d6,C0000489,2025-01-29,1848.92
P19569325cf0b,C0000490,2022-11-14,1296.78
P9e7a06adbb61,C0000491,2017-08-01,1574.18
P733ae3d7de4d,C0000492,2020-11-29,2252.3
P4723f5200335,C0000493,2023-05-11,1229.98
Pc9b02bba2229,C0000494,2025-05-03,1467.39
Pd0a786770eed,C0000494,2025-04-23,670.84
Pf3f9da7f6462,C0000495,2019-10-03,1673.05
P8ca59e4d31ea,C0000495,2019-10-28,1623.77
P72429cf24bb8,C0000496,2017-05-05,1747.96
P76750d9b5d85,C0000497,2024-10-28,1718.14
Pffdf520f62b6,C0000498,2020-01-31,1311.72
P60da36832e13,C0000498,2019-12-14,1650.51
Pf62ada9845c1,C0000499,2024-05-21,1781.31
Pa0db7b18e9e3,C0000500,2021-01-14,1476.62
P6c75eeb46819,C0000500,2020-11-21,1291.44
Pb5ecf000cd05,C0000501,2022-08-25,548.22
P12f717c24457,C0000502,2023-08-13,1431.31
Pe6f34d3e973d,C0000503,2016-09-21,1206.36
P24efe3c881c6,C0000504,2015-11-07,1431.48
Pfa6cbb7b86c0,C0000505,2016-06-06,1501.66
P1e9fae8b1c30,C0000505,2016-06-05,1308.7
P7987c1fe1826,C0000505,2016-12-29,1809.95
P013093643324,C0000506,2018-08-17,1082.71
P5bfd9fb7d94c,C0000506,2018-09-19,503.79
P6a01c5bae636,C0000506,2018-12-24,916.85
P25f71d004b50,C0000507,2021-01-07,1988.03
P7ca1bb513a4f,C0000507,2021-02-27,1902.85
P1e63c7d98731,C0000507,2021-01-04,464.31
P9a247e8f034f,C0000508,2023-11-07,1096.88
P61208ec876c5,C0000509,2018-07-16,798.52
P4e730d779acb,C0000510,2017-02-08,1167.92
P307a2b6aa604,C0000510,2017-06-08,1456.51
Pb5808f7b3271,C0000511,2019-05-06,1188.85
Pcda855ca1b18,C0000511,2018-10-28,1397.68
P57bd34f5eded,C0000511,2019-01-11,1002.21
P9cd12be44b12,C0000512,2017-11-27,1208.07
P9d547f616ecc,C0000512,2018-03-25,1104.32
P0d551d57695b,C0000512,2018-04-07,510.02
Pa63c2bb3f8f4,C0000513,2023-09-26,1730.77
P65064becf85e,C0000513,2023-12-07,820.67
Pcd468edeb6db,C0000513,2023-12-27,1996.76
P73ccbfaefa66,C0000514,2020-11-23,1972.66
Pa8256b3b6846,C0000514,2020-08-26,705.58
P5c63df19b876,C0000514,2020-12-09,1524.72
P4666d8c40c4b,C0000515,2023-11-30,1514.13
Pb8910eedbe8a,C0000516,2022-06-20,704.93
Pf587cb58ce43,C0000516,2022-02-21,1000.4
Pb6543545aeff,C0000517,2015-12-11,675.16
P075a57c655a7,C0000517,2016-03-13,989.02
Pc1ac9a779814,C0000517,2016-01-16,1853.6
P4a53c06b013b,C0000518,2016-07-17,1715.43
P2a1c27e1390c,C0000518,2016-08-05,1269.92
P8b2c4859ade8,C0000519,2025-02-15,1078.3
P46da5dcc38ff,C0000520,2023-04-13,896.38
P30744bb50d68,C0000521,2017-11-27,770.3
P7e666f0c73d9,C0000521,2017-08-26,1054.54
P79083e814820,C0000522,2020-03-13,884.35
Pcb36ac7f99c3,C0000522,2020-01-14,1327.33
Pe94c4490ce05,C0000522,2019-09-25,1083.74
P351fb8f8a803,C0000523,2025-03-12,637.16
P3cb707bc17bf,C0000523,2025-04-16,525.21
P0bae4e42d0d9,C0000523,2024-11-04,1431.56
P79ca5db8540e,C0000524,2023-02-23,1202.68
Pf645396d8ee8,C0000524,2023-09-14,456.92
Pcefae0196021,C0000525,2018-01-10,-140.74
P5cf511b637d3,C0000526,2023-08-30,1903.94
P22db8ceaa92d,C0000526,2024-04-12,1582.96
P7391f39d982b,C0000527,2015-08-03,955.79
P7bb8fb5823ab,C0000527,2015-11-04,1836.16
P3b71980b8b53,C0000527,2016-02-01,916.2
P2a49010d19c2,C0000528,2024-03-21,996.58
P80443d8699f4,C0000528,2024-01-03,966.0
P0e54c8ece051,C0000528,2023-12-23,1921.41
Pec52d047203e,C0000529,2021-02-27,1583.79
P016d52cd37ca,C0000530,2022-06-05,1488.39
P9479e36c40a7,C0000531,2023-09-23,1620.09
P4d52da72a562,C0000531,2024-05-08,803.3
Pd988ec68e13a,C0000531,2023-09-29,2502.44
P383c030a5ce9,C0000532,2023-03-20,1514.3
P48f76f45333a,C0000533,2018-12-03,1154.14
Pf3f044a763bf,C0000533,2019-03-07,1224.69
Pa0a6a9442e9d,C0000533,2019-07-01,1018.48
