claim_id,policy_number,accident_date,reported_date,loss_type,claimant_age
CL0000001,C0000004,2018-08-27,2018-09-04,glass,50
CL0000002,C0000007,2019-06-12,2019-06-15,collision,59
CL0000003,C0000007,2019-07-18,2019-07-28,collision,35
CL0000004,C0000015,2023-12-01,2023-12-10,collision,21
CL0000005,C0000016,2023-05-18,2023-05-27,collision,36
CL0000006,C0000019,2024-05-28,2024-06-02,collision,79
CL0000007,C0000019,2024-10-01,2024-10-02,glass,79
CL0000008,C0000020,2017-02-02,2017-02-03,collision,25
CL0000009,C0000022,2019-11-08,2019-11-14,collision,69
CL0000010,C0000024,2023-09-09,2023-09-16,bodily,40
CL0000011,C0000025,2022-07-14,2022-07-18,collision,53
CL0000012,C0000025,2022-08-09,2022-08-19,collision,79
CL0000013,C0000027,2017-09-01,2017-09-02,collision,25
CL0000014,C0000027,2018-08-15,2018-08-27,collision,46
CL0000015,C0000028,2021-07-02,2021-07-04,collision,52
CL0000016,C0000028,2021-09-23,2021-09-27,theft,70
CL0000017,C0000029,2018-06-24,2018-07-05,bodily,32
CL0000018,C0000029,2018-07-27,2018-08-08,collision,45
CL0000019,C0000029,2018-09-10,2018-09-15,glass,35
CL0000020,C0000031,2024-05-28,2024-06-04,glass,78
CL0000021,C0000032,2015-07-11,2015-07-20,collision,48
CL0000022,C0000040,2021-03-07,2021-03-19,collision,76
CL0000023,C0000042,2022-09-27,2022-10-04,glass,43
CL0000024,C0000043,2018-05-20,2018-05-30,collision,53
CL0000025,C0000043,2018-08-10,2018-08-12,bodily,38
CL0000026,C0000046,2023-03-20,2023-03-22,glass,74
CL0000027,C0000046,2023-10-24,2023-11-06,theft,33
CL0000028,C0000048,2023-04-27,2023-05-01,bodily,48
CL0000029,C0000049,2016-08-16,2016-08-21,collision,53
CL0000030,C0000052,2019-01-07,2019-01-20,collision,63
CL0000031,C0000055,2024-08-03,2024-08-06,collision,46
CL0000032,C0000055,2024-09-04,2024-09-17,glass,43
CL0000033,C0000058,2021-08-16,2021-08-25,collision,50
CL0000034,C0000059,2023-01-13,2023-01-16,collision,69
CL0000035,C0000061,2019-03-26,2019-04-02,collision,48
CL0000036,C0000063,2017-08-28,2017-09-06,collision,47
CL0000037,C0000064,2022-06-05,2022-06-12,bodily,72
CL0000038,C0000067,2020-09-16,2020-09-18,theft,18
CL0000039,C0000067,2020-12-25,2021-01-04,collision,57
CL0000040,C0000068,2023-03-16,2023-03-28,bodily,44
CL0000041,C0000070,2022-04-18,2022-05-01,collision,44
CL0000042,C0000070,2022-05-25,2022-06-07,collision,51
CL0000043,C0000070,2023-02-27,2023-03-05,collision,25
CL0000044,C0000071,2023-07-24,2023-07-29,collision,47
CL0000045,C0000074,2019-06-20,2019-06-23,collision,21
CL0000046,C0000074,2019-08-09,2019-08-14,collision,72
CL0000047,C0000075,2023-11-22,2023-12-05,glass,55
CL0000048,C0000076,2019-03-26,2019-03-28,collision,23
CL0000049,C0000077,2024-08-02,2024-08-12,bodily,74
CL0000050,C0000078,2022-05-16,2022-05-24,collision,60
CL0000051,C0000079,2017-07-19,2017-07-24,glass,52
CL0000052,C0000083,2021-01-21,2021-01-22,collision,39
CL0000053,C0000084,2020-01-10,2020-01-19,collision,77
CL0000054,C0000085,2024-09-16,2024-09-26,collision,61
CL0000055,C0000086,2024-03-16,2024-03-20,collision,74
CL0000056,C0000086,2024-04-06,2024-04-16,collision,34
CL0000057,C0000089,2022-02-24,2022-03-05,glass,45
CL0000058,C0000089,2022-07-01,2022-07-02,collision,46
CL0000059,C0000089,2023-02-23,2023-02-26,collision,20
CL0000060,C0000092,2017-07-07,2017-07-11,collision,69
CL0000061,C0000092,2017-11-26,2017-11-29,glass,44
CL0000062,C0000093,2021-10-26,2021-11-06,glass,66
CL0000063,C0000095,2020-01-25,2020-01-29,glass,53
CL0000064,C0000098,2020-06-15,2020-06-18,collision,79
CL0000065,C0000099,2018-05-07,2018-05-08,glass,37
CL0000066,C0000102,2024-06-04,2024-06-16,bodily,68
CL0000067,C0000103,2016-03-14,2016-03-20,collision,19
CL0000068,C0000103,2017-01-13,2017-01-24,glass,78
CL0000069,C0000103,2017-02-02,2017-02-11,collision,55
CL0000070,C0000105,2019-02-27,2019-03-07,bodily,64
CL0000071,C0000107,2022-06-25,2022-07-02,collision,60
CL0000072,C0000110,2017-09-28,2017-10-10,collision,37
CL0000073,C0000111,2018-06-24,2018-06-29,collision,78
CL0000074,C0000112,2017-06-13,2017-06-19,bodily,20
CL0000075,C0000112,2018-01-20,2018-01-24,collision,43
CL0000076,C0000113,2021-09-19,2021-09-29,bodily,37
CL0000077,C0000114,2017-05-17,2017-05-26,bodily,51
CL0000078,C0000114,2018-01-13,2018-01-25,collision,27
CL0000079,C0000115,2021-10-10,2021-10-19,collision,39
CL0000080,C0000115,2021-12-12,2021-12-18,collision,36
CL0000081,C0000118,2024-02-26,2024-03-02,glass,65
CL0000082,C0000118,2024-04-07,2024-04-09,bodily,31
CL0000083,C0000119,2018-12-05,2018-12-10,bodily,45
CL0000084,C0000122,2022-12-21,2022-12-23,collision,55
CL0000085,C0000124,2018-06-16,2018-06-17,collision,71
CL0000086,C0000124,2019-01-27,2019-01-31,collision,79
CL0000087,C0000127,2019-05-16,2019-05-28,collision,57
CL0000088,C0000128,2023-09-05,2023-09-12,bodily,58
CL0000089,C0000129,2018-10-21,2018-11-02,glass,78
CL0000090,C0000129,2019-03-12,2019-03-25,theft,35
CL0000091,C0000135,2021-06-17,2021-06-24,glass,58
CL0000092,C0000135,2022-02-11,2022-02-16,collision,34
CL0000093,C0000137,2020-04-21,2020-05-04,theft,60
CL0000094,C0000141,2020-12-21,2020-12-25,glass,31
CL0000095,C0000142,2023-12-13,2023-12-24,collision,32
CL0000096,C0000143,2021-01-01,2021-01-13,collision,45
CL0000097,C0000148,2023-10-21,2023-11-02,collision,69
CL0000098,C0000151,2022-06-28,2022-07-11,bodily,24
CL0000099,C0000154,2017-09-23,2017-10-06,collision,47
CL0000100,C0000154,2018-02-02,2018-02-06,bodily,36
CL0000101,C0000157,2021-03-06,2021-03-18,collision,21
CL0000102,C0000158,2023-01-09,2023-01-18,collision,50
CL0000103,C0000160,2017-11-05,2017-11-14,glass,55
CL0000104,C0000160,2018-01-14,2018-01-20,glass,79
CL0000105,C0000162,2019-04-07,2019-04-13,collision,21
CL0000106,C0000162,2019-05-22,2019-05-27,collision,59
CL0000107,C0000162,2019-10-25,2019-11-03,bodily,38
CL0000108,C0000165,2024-05-18,2024-05-30,bodily,74
CL0000109,C0000167,2023-03-20,2023-03-30,collision,36
CL0000110,C0000168,2016-08-26,2016-08-31,collision,53
CL0000111,C0000170,2023-08-01,2023-08-10,bodily,55
CL0000112,C0000179,2018-02-11,2018-02-12,collision,20
CL0000113,C0000180,2022-08-03,2022-08-04,collision,58
CL0000114,C0000180,2023-02-13,2023-02-14,glass,64
CL0000115,C0000182,2016-11-19,2016-11-30,collision,41
CL0000116,C0000184,2015-07-22,2015-07-25,collision,45
CL0000117,C0000184,2016-02-28,2016-03-06,collision,77
CL0000118,C0000188,2024-09-03,2024-09-15,collision,53
CL0000119,C0000194,2018-10-19,2018-10-30,theft,56
CL0000120,C0000195,2022-12-27,2023-01-02,collision,41
CL0000121,C0000196,2018-06-10,2018-06-11,collision,79
CL0000122,C0000197,2020-01-24,2020-01-31,bodily,49
CL0000123,C0000198,2024-08-16,2024-08-22,collision,31
CL0000124,C0000198,2024-11-12,2024-11-21,collision,67
CL0000125,C0000199,2024-08-01,2024-08-05,collision,21
CL0000126,C0000201,2022-08-16,2022-08-19,collision,64
CL0000127,C0000201,2022-09-07,2022-09-11,collision,57
CL0000128,C0000202,2023-05-01,2023-05-07,collision,61
CL0000129,C0000205,2023-06-03,2023-06-16,collision,49
CL0000130,C0000205,2023-10-05,2023-10-12,collision,43
CL0000131,C0000209,2020-01-07,2020-01-15,collision,51
CL0000132,C0000209,2020-05-20,2020-05-30,collision,25
CL0000133,C0000212,2020-08-13,2020-08-21,collision,54
CL0000134,C0000216,2020-10-03,2020-10-13,collision,49
CL0000135,C0000218,2019-04-17,2019-04-27,collision,63
CL0000136,C0000220,2021-07-03,2021-07-11,collision,29
CL0000137,C0000220,2022-02-07,2022-02-19,collision,21
CL0000138,C0000221,2024-10-09,2024-10-21,bodily,32
CL0000139,C0000223,2019-09-09,2019-09-13,collision,19
CL0000140,C0000223,2019-10-09,2019-10-13,collision,18
CL0000141,C0000224,2019-06-25,2019-06-29,bodily,35
CL0000142,C0000226,2023-01-01,2023-01-08,collision,49
CL0000143,C0000227,2018-02-28,2018-03-07,glass,43
CL0000144,C0000228,2020-06-14,2020-06-19,collision,30
CL0000145,C0000232,2019-04-16,2019-04-22,bodily,47
CL0000146,C0000232,2019-09-18,2019-10-01,glass,57
CL0000147,C0000235,2016-10-28,2016-11-09,bodily,67
CL0000148,C0000237,2019-02-14,2019-02-21,collision,47
CL0000149,C0000239,2017-03-11,2017-03-19,collision,55
CL0000150,C0000239,2017-10-27,2017-11-05,collision,29
CL0000151,C0000240,2020-08-17,2020-08-28,glass,62
CL0000152,C0000240,2021-05-14,2021-05-24,bodily,60
CL0000153,C0000241,2024-07-28,2024-07-31,theft,33
CL0000154,C0000243,2020-02-28,2020-03-07,collision,31
CL0000155,C0000244,2024-02-17,2024-02-19,collision,79
CL0000156,C0000245,2019-02-23,2019-03-06,bodily,19
CL0000157,C0000246,2020-06-01,2020-06-08,bodily,60
CL0000158,C0000247,2019-06-04,2019-06-13,collision,37
CL0000159,C0000249,2016-12-17,2016-12-21,collision,19
CL0000160,C0000252,2024-07-08,2024-07-12,collision,60
CL0000161,C0000256,2023-08-07,2023-08-19,collision,48
CL0000162,C0000257,2023-08-18,2023-08-23,collision,70
CL0000163,C0000258,2017-09-27,2017-10-01,collision,38
CL0000164,C0000259,2021-10-13,2021-10-25,collision,70
CL0000165,C0000260,2015-03-07,2015-03-18,glass,20
CL0000166,C0000260,2015-07-19,2015-07-31,collision,30
CL0000167,C0000261,2017-06-26,2017-07-08,collision,43
CL0000168,C0000262,2021-06-12,2021-06-21,collision,23
CL0000169,C0000263,2019-06-02,2019-06-06,collision,37
CL0000170,C0000264,2017-06-06,2017-06-16,glass,31
CL0000171,C0000265,2019-11-03,2019-11-13,collision,58
CL0000172,C0000265,2020-01-16,2020-01-21,theft,77
CL0000173,C0000266,2024-11-08,2024-11-17,bodily,37
CL0000174,C0000270,2018-06-22,2018-06-24,bodily,68
CL0000175,C0000270,2019-01-09,2019-01-22,collision,54
CL0000176,C0000272,2020-07-10,2020-07-22,bodily,43
CL0000177,C0000272,2020-09-17,2020-09-21,bodily,20
CL0000178,C0000273,2023-01-17,2023-01-21,collision,74
CL0000179,C0000276,2019-01-18,2019-01-27,collision,77
CL0000180,C0000278,2017-04-09,2017-04-13,glass,32
CL0000181,C0000279,2024-11-20,2024-12-03,collision,61
CL0000182,C0000285,2016-07-21,2016-07-23,bodily,44
CL0000183,C0000285,2016-09-24,2016-09-30,bodily,40
CL0000184,C0000286,2022-03-13,2022-03-20,collision,66
CL0000185,C0000289,2023-07-14,2023-07-23,collision,64
CL0000186,C0000290,2020-07-02,2020-07-14,collision,67
CL0000187,C0000292,2022-11-22,2022-12-02,bodily,27
CL0000188,C0000292,2023-03-14,2023-03-17,collision,34
CL0000189,C0000293,2021-08-03,2021-08-09,bodily,78
CL0000190,C0000294,2017-02-21,2017-03-03,collision,26
CL0000191,C0000297,2015-10-27,2015-11-09,glass,70
CL0000192,C0000297,2016-05-07,2016-05-13,bodily,69
CL0000193,C0000297,2016-06-08,2016-06-09,bodily,66
CL0000194,C0000298,2024-09-18,2024-10-01,collision,22
CL0000195,C0000304,2023-10-16,2023-10-29,collision,67
CL0000196,C0000305,2020-12-13,2020-12-23,collision,26
CL0000197,C0000309,2019-03-27,2019-04-06,glass,22
CL0000198,C0000311,2024-02-23,2024-02-25,collision,21
CL0000199,C0000311,2024-10-01,2024-10-08,collision,43
CL0000200,C0000313,2019-10-01,2019-10-07,collision,25
CL0000201,C0000315,2016-06-19,2016-06-28,bodily,30
CL0000202,C0000316,2023-04-14,2023-04-17,collision,41
CL0000203,C0000317,2020-11-05,2020-11-17,collision,30
CL0000204,C0000318,2019-09-11,2019-09-16,glass,18
CL0000205,C0000319,2022-12-07,2022-12-16,collision,37
CL0000206,C0000320,2021-11-04,2021-11-05,collision,40
CL0000207,C0000321,2023-10-19,2023-10-28,bodily,56
CL0000208,C0000323,2020-10-16,2020-10-22,collision,37
CL0000209,C0000324,2022-01-16,2022-01-21,collision,79
CL0000210,C0000327,2019-01-27,2019-02-05,collision,47
CL0000211,C0000329,2019-08-08,2019-08-18,collision,37
CL0000212,C0000329,2020-05-09,2020-05-18,collision,58
CL0000213,C0000330,2015-11-08,2015-11-10,bodily,31
CL0000214,C0000331,2020-07-09,2020-07-11,collision,72
CL0000215,C0000333,2022-06-23,2022-07-04,glass,64
CL0000216,C0000334,2016-09-10,2016-09-12,collision,60
CL0000217,C0000335,2018-09-04,2018-09-06,collision,29
CL0000218,C0000346,2020-08-02,2020-08-08,collision,46
CL0000219,C0000346,2021-04-16,2021-04-18,bodily,35
CL0000220,C0000349,2020-08-12,2020-08-19,collision,38
CL0000221,C0000350,2023-03-03,2023-03-13,bodily,67
CL0000222,C0000350,2023-08-07,2023-08-12,bodily,64
CL0000223,C0000354,2021-08-12,2021-08-21,bodily,62
CL0000224,C0000355,2020-11-07,2020-11-14,collision,42
CL0000225,C0000355,2020-12-27,2021-01-05,collision,63
CL0000226,C0000356,2023-12-06,2023-12-09,bodily,34
CL0000227,C0000356,2024-02-17,2024-03-01,collision,18
CL0000228,C0000358,2016-11-19,2016-11-23,collision,44
CL0000229,C0000361,2019-11-18,2019-11-25,collision,49
CL0000230,C0000362,2018-12-04,2018-12-09,collision,24
CL0000231,C0000363,2015-11-15,2015-11-25,collision,69
CL0000232,C0000364,2016-06-14,2016-06-17,collision,20
CL0000233,C0000368,2020-01-06,2020-01-15,theft,48
CL0000234,C0000370,2021-10-23,2021-11-04,collision,50
CL0000235,C0000371,2020-05-27,2020-06-05,collision,50
CL0000236,C0000376,2023-03-14,2023-03-17,glass,20
CL0000237,C0000378,2018-01-20,2018-01-31,collision,38
CL0000238,C0000378,2018-06-07,2018-06-12,bodily,32
CL0000239,C0000378,2018-08-16,2018-08-23,collision,73
CL0000240,C0000381,2019-09-11,2019-09-17,collision,48
CL0000241,C0000381,2019-11-12,2019-11-17,glass,65
CL0000242,C0000382,2022-12-14,2022-12-25,collision,65
CL0000243,C0000383,2016-03-22,2016-04-01,collision,52
CL0000244,C0000384,2018-12-08,2018-12-14,collision,24
CL0000245,C0000385,2018-01-21,2018-01-23,collision,18
CL0000246,C0000388,2019-05-13,2019-05-14,bodily,26
CL0000247,C0000389,2018-03-17,2018-03-25,collision,49
CL0000248,C0000390,2018-10-20,2018-10-29,collision,67
CL0000249,C0000390,2019-01-16,2019-01-25,bodily,30
CL0000250,C0000393,2024-06-26,2024-06-27,collision,55
CL0000251,C0000395,2017-04-07,2017-04-08,collision,74
CL0000252,C0000396,2017-11-01,2017-11-07,collision,63
CL0000253,C0000397,2016-11-06,2016-11-14,glass,24
CL0000254,C0000399,2017-11-11,2017-11-21,collision,70
CL0000255,C0000400,2023-01-22,2023-02-01,glass,63
CL0000256,C0000400,2023-07-15,2023-07-17,collision,48
CL0000257,C0000401,2019-08-23,2019-08-31,bodily,47
CL0000258,C0000401,2019-12-01,2019-12-05,collision,71
CL0000259,C0000404,2024-08-03,2024-08-08,collision,65
CL0000260,C0000407,2020-02-05,2020-02-08,theft,22
CL0000261,C0000407,2020-09-02,2020-09-03,bodily,78
CL0000262,C0000409,2020-10-04,2020-10-16,collision,67
CL0000263,C0000409,2021-08-24,2021-08-26,collision,53
CL0000264,C0000410,2015-08-18,2015-08-29,collision,79
CL0000265,C0000411,2024-12-08,2024-12-10,collision,35
CL0000266,C0000413,2021-11-16,2021-11-21,bodily,71
CL0000267,C0000416,2019-04-13,2019-04-20,bodily,71
CL0000268,C0000418,2024-04-27,2024-05-05,collision,70
CL0000269,C0000423,2018-07-22,2018-07-23,collision,54
CL0000270,C0000423,2018-10-13,2018-10-17,collision,61
CL0000271,C0000424,2023-10-13,2023-10-18,collision,35
CL0000272,C0000424,2024-03-21,2024-03-22,glass,35
CL0000273,C0000424,2024-06-10,2024-06-14,collision,20
CL0000274,C0000433,2022-01-15,2022-01-16,collision,72
CL0000275,C0000435,2020-03-21,2020-03-26,collision,34
CL0000276,C0000437,2021-12-04,2021-12-11,bodily,32
CL0000277,C0000446,2018-07-15,2018-07-26,collision,34
CL0000278,C0000447,2015-12-06,2015-12-18,collision,58
CL0000279,C0000447,2016-06-21,2016-07-03,collision,76
CL0000280,C0000448,2021-10-05,2021-10-07,bodily,19
CL0000281,C0000449,2018-03-03,2018-03-04,bodily,51
CL0000282,C0000450,2023-12-04,2023-12-17,collision,26
CL0000283,C0000450,2024-02-20,2024-02-24,collision,75
CL0000284,C0000451,2021-03-09,2021-03-18,bodily,56
CL0000285,C0000452,2018-08-12,2018-08-14,collision,51
CL0000286,C0000458,2020-10-19,2020-10-26,glass,66
CL0000287,C0000459,2023-01-02,2023-01-11,collision,79
CL0000288,C0000459,2023-02-18,2023-02-20,collision,29
CL0000289,C0000460,2017-03-11,2017-03-24,collision,30
CL0000290,C0000461,2019-03-05,2019-03-06,collision,27
CL0000291,C0000467,2019-09-24,2019-09-27,collision,73
CL0000292,C0000467,2020-01-02,2020-01-12,glass,26
CL0000293,C0000468,2023-04-17,2023-04-19,bodily,76
CL0000294,C0000469,2015-06-18,2015-06-26,collision,26
CL0000295,C0000469,2016-01-10,2016-01-22,theft,47
CL0000296,C0000471,2019-04-26,2019-05-05,collision,66
CL0000297,C0000472,2017-07-21,2017-08-03,bodily,38
CL0000298,C0000473,2024-03-03,2024-03-14,collision,67
CL0000299,C0000473,2024-08-01,2024-08-14,glass,30
CL0000300,C0000474,2024-10-09,2024-10-18,bodily,75
CL0000301,C0000476,2024-03-13,2024-03-21,collision,55
CL0000302,C0000476,2024-04-16,2024-04-29,collision,75
CL0000303,C0000476,2024-06-18,2024-06-19,collision,32
CL0000304,C0000481,2017-05-08,2017-05-16,bodily,35
CL0000305,C0000482,2020-11-08,2020-11-12,collision,25
CL0000306,C0000483,2020-12-25,2021-01-06,bodily,23
CL0000307,C0000484,2017-08-19,2017-08-21,glass,20
CL0000308,C0000485,2022-05-02,2022-05-15,bodily,79
CL0000309,C0000486,2016-09-27,2016-09-29,glass,58
CL0000310,C0000490,2015-07-27,2015-07-30,collision,40
CL0000311,C0000491,2017-06-06,2017-06-18,glass,29
CL0000312,C0000492,2015-08-15,2015-08-28,collision,20
CL0000313,C0000494,2022-03-12,2022-03-20,collision,20
CL0000314,C0000494,2022-04-16,2022-04-24,collision,78
CL0000315,C0000495,2016-09-13,2016-09-22,collision,73
CL0000316,C0000496,2023-03-03,2023-03-04,bodily,39
CL0000317,C0000503,2018-02-23,2018-02-28,collision,34
CL0000318,C0000504,2020-02-12,2020-02-19,collision,66
CL0000319,C0000505,2022-08-22,2022-08-24,collision,65
CL0000320,C0000505,2023-02-12,2023-02-21,bodily,19
CL0000321,C0000506,2020-08-15,2020-08-27,bodily,75
CL0000322,C0000508,2015-03-01,2015-03-08,bodily,34
CL0000323,C0000508,2015-10-12,2015-10-15,theft,67
CL0000324,C0000512,2021-02-10,2021-02-14,bodily,43
CL0000325,C0000512,2021-08-11,2021-08-21,theft,64
CL0000326,C0000513,2021-10-01,2021-10-12,collision,72
CL0000327,C0000513,2021-11-17,2021-11-20,collision,55
CL0000328,C0000513,2022-05-17,2022-05-19,bodily,55
CL0000329,C0000514,2022-03-05,2022-03-17,glass,23
CL0000330,C0000514,2022-04-23,2022-05-02,collision,55
CL0000331,C0000515,2024-06-07,2024-06-15,collision,69
CL0000332,C0000516,2022-02-12,2022-02-13,collision,32
CL0000333,C0000517,2020-04-10,2020-04-13,glass,65
CL0000334,C0000518,2017-02-06,2017-02-09,collision,70
CL0000335,C0000520,2018-01-24,2018-02-03,collision,63
CL0000336,C0000521,2023-12-01,2023-12-10,collision,75
CL0000337,C0000522,2021-12-08,2021-12-17,collision,62
CL0000338,C0000522,2022-03-14,2022-03-19,glass,34
CL0000339,C0000523,2022-12-17,2022-12-21,collision,52
CL0000340,C0000524,2023-12-24,2023-12-25,collision,65
CL0000341,C0000525,2021-12-18,2021-12-21,bodily,36
CL0000342,C0000526,2024-01-11,2024-01-14,bodily,64
CL0000343,C0000528,2024-01-19,2024-01-27,collision,40
CL0000344,C0000529,2015-02-20,2015-02-28,collision,68
CL0000345,C0000529,2015-11-23,2015-11-29,glass,61
CL0000346,C0000530,2018-03-23,2018-03-27,bodily,57
CL0000347,C0000532,2017-06-23,2017-06-25,theft,55
CL0000348,C0000537,2015-04-28,2015-05-04,bodily,29
CL0000349,C0000538,2023-08-07,2023-08-14,collision,31
CL0000350,C0000539,2022-12-19,2022-12-25,collision,35
CL0000351,C0000540,2023-06-26,2023-07-06,collision,78
CL0000352,C0000541,2023-01-08,2023-01-18,glass,65
CL0000353,C0000542,2015-09-20,2015-09-22,collision,64
CL0000354,C0000542,2016-08-19,2016-08-28,bodily,65
CL0000355,C0000543,2016-09-05,2016-09-12,glass,75
CL0000356,C0000544,2016-09-17,2016-09-20,collision,24
CL0000357,C0000544,2017-08-20,2017-08-29,collision,61
CL0000358,C0000545,2018-02-16,2018-02-23,collision,29
CL0000359,C0000547,2019-08-19,2019-08-25,collision,30
CL0000360,C0000547,2020-02-11,2020-02-14,collision,67
CL0000361,C0000549,2015-05-22,2015-05-30,bodily,24
CL0000362,C0000549,2015-12-14,2015-12-23,bodily,41
CL0000363,C0000550,2017-10-20,2017-10-27,collision,60
CL0000364,C0000551,2020-10-01,2020-10-04,collision,70
CL0000365,C0000556,2024-09-21,2024-09-29,collision,64
CL0000366,C0000558,2020-08-14,2020-08-24,glass,23
CL0000367,C0000565,2018-09-26,2018-09-28,bodily,18
CL0000368,C0000565,2018-12-01,2018-12-12,collision,31
CL0000369,C0000566,2016-11-04,2016-11-15,bodily,56
CL0000370,C0000567,2016-06-14,2016-06-23,collision,22
CL0000371,C0000571,2017-02-27,2017-03-03,collision,36
CL0000372,C0000572,2016-12-27,2016-12-31,glass,35
CL0000373,C0000574,2018-02-07,2018-02-12,collision,39
CL0000374,C0000575,2024-07-28,2024-08-01,collision,77
CL0000375,C0000579,2016-12-17,2016-12-22,collision,45
CL0000376,C0000579,2017-04-10,2017-04-22,collision,73
CL0000377,C0000581,2023-07-02,2023-07-03,collision,47
CL0000378,C0000582,2022-04-10,2022-04-16,collision,77
CL0000379,C0000584,2015-10-05,2015-10-15,collision,61
CL0000380,C0000586,2024-11-02,2024-11-12,collision,54
CL0000381,C0000588,2024-01-10,2024-01-16,collision,45
CL0000382,C0000589,2023-02-24,2023-03-07,glass,66
CL0000383,C0000590,2024-12-04,2024-12-14,bodily,76
CL0000384,C0000591,2018-12-03,2018-12-09,bodily,42
CL0000385,C0000592,2018-09-19,2018-09-26,collision,38
CL0000386,C0000599,2016-05-18,2016-05-28,collision,23
CL0000387,C0000603,2021-12-18,2021-12-25,collision,46
CL0000388,C0000604,2022-07-28,2022-08-01,collision,39
CL0000389,C0000604,2022-08-19,2022-08-26,collision,49
CL0000390,C0000611,2016-07-14,2016-07-22,collision,45
CL0000391,C0000612,2021-08-25,2021-09-02,collision,61
CL0000392,C0000613,2019-12-04,2019-12-15,collision,70
CL0000393,C0000613,2020-06-06,2020-06-12,bodily,61
CL0000394,C0000616,2023-12-16,2023-12-21,bodily,34
CL0000395,C0000619,2024-12-24,2025-01-02,collision,63
CL0000396,C0000621,2022-01-10,2022-01-23,collision,45
CL0000397,C0000623,2022-11-09,2022-11-21,collision,25
CL0000398,C0000623,2023-08-21,2023-09-03,glass,34
CL0000399,C0000624,2018-10-17,2018-10-23,collision,27
CL0000400,C0000625,2018-12-28,2019-01-05,collision,35
CL0000401,C0000629,2016-06-28,2016-07-09,collision,58
CL0000402,C0000630,2020-01-27,2020-01-29,bodily,74
CL0000403,C0000630,2020-02-09,2020-02-11,collision,60
CL0000404,C0000633,2017-10-04,2017-10-16,collision,59
CL0000405,C0000634,2021-05-01,2021-05-09,glass,60
CL0000406,C0000636,2017-06-10,2017-06-17,collision,68
CL0000407,C0000636,2018-04-16,2018-04-19,collision,28
CL0000408,C0000638,2020-10-22,2020-10-24,collision,18
CL0000409,C0000638,2021-04-28,2021-05-02,collision,25
CL0000410,C0000639,2022-06-17,2022-06-19,collision,27
CL0000411,C0000639,2023-01-15,2023-01-19,bodily,64
CL0000412,C0000639,2023-02-04,2023-02-14,collision,31
CL0000413,C0000641,2019-04-25,2019-04-29,bodily,25
CL0000414,C0000641,2019-11-22,2019-11-23,collision,41
CL0000415,C0000642,2017-12-25,2018-01-02,collision,20
CL0000416,C0000642,2018-03-16,2018-03-29,collision,65
CL0000417,C0000644,2024-12-23,2025-01-04,theft,33
CL0000418,C0000648,2019-09-27,2019-09-30,bodily,27
CL0000419,C0000650,2018-04-06,2018-04-17,collision,79
CL0000420,C0000653,2022-09-16,2022-09-18,collision,45
CL0000421,C0000655,2019-08-05,2019-08-18,collision,27
CL0000422,C0000655,2019-09-25,2019-10-06,collision,76
CL0000423,C0000655,2019-12-09,2019-12-22,collision,58
CL0000424,C0000656,2024-07-22,2024-08-03,glass,70
CL0000425,C0000658,2022-05-16,2022-05-22,collision,40
CL0000426,C0000661,2023-07-06,2023-07-13,collision,49
CL0000427,C0000663,2015-09-14,2015-09-19,collision,25
CL0000428,C0000664,2017-06-28,2017-07-07,theft,67
CL0000429,C0000664,2017-07-17,2017-07-18,glass,43
CL0000430,C0000667,2019-11-08,2019-11-15,collision,46
CL0000431,C0000668,2024-03-03,2024-03-07,collision,21
CL0000432,C0000670,2015-07-06,2015-07-16,bodily,26
CL0000433,C0000671,2017-04-11,2017-04-20,bodily,62
CL0000434,C0000673,2017-10-05,2017-10-16,bodily,21
CL0000435,C0000675,2020-06-23,2020-06-27,collision,55
CL0000436,C0000676,2019-07-17,2019-07-19,collision,43
CL0000437,C0000676,2019-11-17,2019-11-23,collision,23
CL0000438,C0000678,2016-07-05,2016-07-13,collision,26
CL0000439,C0000681,2017-09-09,2017-09-15,collision,75
CL0000440,C0000682,2024-11-09,2024-11-21,glass,40
CL0000441,C0000683,2023-10-17,2023-10-22,collision,43
CL0000442,C0000684,2022-12-14,2022-12-19,glass,51
CL0000443,C0000685,2016-12-15,2016-12-23,bodily,79
CL0000444,C0000685,2017-05-01,2017-05-03,bodily,49
CL0000445,C0000685,2017-06-17,2017-06-29,collision,61
CL0000446,C0000686,2024-07-17,2024-07-19,collision,19
CL0000447,C0000686,2024-12-20,2024-12-28,collision,50
CL0000448,C0000688,2021-11-04,2021-11-15,collision,44
CL0000449,C0000689,2023-02-20,2023-03-04,collision,64
CL0000450,C0000692,2018-10-04,2018-10-09,collision,27
CL0000451,C0000694,2017-12-23,2017-12-26,collision,68
CL0000452,C0000694,2018-05-20,2018-05-30,collision,44
CL0000453,C0000695,2017-10-07,2017-10-17,collision,48
CL0000454,C0000697,2019-10-13,2019-10-24,collision,77
CL0000455,C0000698,2022-12-07,2022-12-17,bodily,71
CL0000456,C0000699,2024-08-28,2024-09-03,collision,30
CL0000457,C0000701,2024-06-27,2024-07-03,glass,56
CL0000458,C0000702,2019-03-17,2019-03-22,collision,78
CL0000459,C0000702,2020-01-06,2020-01-12,theft,33
CL0000460,C0000705,2022-12-20,2022-12-24,bodily,18
CL0000461,C0000706,2017-06-15,2017-06-28,collision,38
CL0000462,C0000706,2017-10-09,2017-10-13,collision,60
CL0000463,C0000713,2018-10-13,2018-10-22,glass,62
CL0000464,C0000716,2023-10-24,2023-11-03,collision,47
CL0000465,C0000716,2024-02-09,2024-02-15,collision,28
CL0000466,C0000719,2016-10-16,2016-10-21,collision,32
CL0000467,C0000720,2022-02-24,2022-02-25,glass,42
CL0000468,C0000720,2022-05-27,2022-06-06,collision,42
CL0000469,C0000721,2024-07-11,2024-07-13,collision,37
CL0000470,C0000724,2022-03-27,2022-04-07,collision,43
CL0000471,C0000726,2017-05-02,2017-05-09,collision,42
CL0000472,C0000730,2017-06-09,2017-06-22,collision,31
CL0000473,C0000730,2018-02-26,2018-03-04,collision,51
CL0000474,C0000731,2024-12-17,2024-12-29,glass,33
CL0000475,C0000734,2017-07-22,2017-07-23,collision,78
CL0000476,C0000734,2018-04-22,2018-04-24,collision,23
CL0000477,C0000736,2023-09-25,2023-09-27,collision,30
CL0000478,C0000736,2024-04-27,2024-05-06,collision,28
CL0000479,C0000736,2024-08-27,2024-08-31,collision,79
CL0000480,C0000738,2024-06-17,2024-06-26,glass,48
CL0000481,C0000739,2023-07-20,2023-07-22,glass,37
CL0000482,C0000739,2023-08-24,2023-09-04,collision,60
CL0000483,C0000745,2018-10-06,2018-10-12,collision,30
CL0000484,C0000746,2022-06-28,2022-07-01,collision,74
CL0000485,C0000746,2022-08-19,2022-08-27,collision,66
CL0000486,C0000748,2021-07-17,2021-07-23,glass,19
CL0000487,C0000749,2018-07-13,2018-07-20,collision,53
CL0000488,C0000750,2018-07-05,2018-07-17,glass,51
CL0000489,C0000754,2016-09-10,2016-09-11,collision,66
CL0000490,C0000754,2017-06-01,2017-06-07,collision,24
CL0000491,C0000755,2018-09-27,2018-10-08,collision,51
CL0000492,C0000756,2024-05-01,2024-05-04,collision,63
CL0000493,C0000759,2015-08-07,2015-08-09,glass,70
CL0000494,C0000760,2022-08-04,2022-08-16,collision,65
CL0000495,C0000762,2022-11-14,2022-11-16,collision,61
CL0000496,C0000764,2024-01-20,2024-01-21,collision,75
CL0000497,C0000765,2018-02-19,2018-02-25,bodily,27
CL0000498,C0000767,2023-04-04,2023-04-07,collision,50
CL0000499,C0000773,2018-11-10,2018-11-12,collision,47
CL0000500,C0000774,2021-12-04,2021-12-09,glass,55
CL0000501,C0000776,2023-03-03,2023-03-16,collision,31
CL0000502,C0000777,2023-06-14,2023-06-16,collision,54
CL0000503,C0000779,2019-05-13,2019-05-14,bodily,18
CL0000504,C0000781,2021-02-14,2021-02-20,collision,43
CL0000505,C0000786,2019-02-04,2019-02-06,bodily,36
CL0000506,C0000786,2019-07-07,2019-07-18,collision,54
CL0000507,C0000787,2020-04-18,2020-04-23,bodily,49
CL0000508,C0000790,2019-08-01,2019-08-13,bodily,74
CL0000509,C0000791,2016-06-26,2016-07-07,collision,72
CL0000510,C0000791,2017-03-11,2017-03-23,bodily,26
CL0000511,C0000793,2016-07-09,2016-07-11,theft,55
CL0000512,C0000793,2016-08-27,2016-08-30,collision,78
CL0000513,C0000796,2020-01-02,2020-01-07,glass,71
CL0000514,C0000796,2020-09-20,2020-10-02,bodily,67
CL0000515,C0000797,2024-02-15,2024-02-16,glass,27
CL0000516,C0000797,2024-06-19,2024-06-20,bodily,41
CL0000517,C0000800,2020-05-12,2020-05-13,collision,53
CL0000518,C0000801,2022-06-18,2022-06-26,bodily,78
CL0000519,C0000802,2023-03-15,2023-03-24,glass,28
CL0000520,C0000802,2024-01-19,2024-01-28,glass,50
CL0000521,C0000806,2017-04-22,2017-04-29,collision,27
CL0000522,C0000812,2015-10-27,2015-10-29,collision,65
CL0000523,C0000813,2016-11-23,2016-11-29,collision,53
CL0000524,C0000815,2018-12-26,2019-01-08,bodily,39
CL0000525,C0000815,2019-03-14,2019-03-16,bodily,56
CL0000526,C0000817,2019-09-01,2019-09-12,collision,18
CL0000527,C0000819,2016-08-06,2016-08-12,collision,38
CL0000528,C0000821,2017-09-22,2017-09-24,collision,24
CL0000529,C0000824,2023-07-02,2023-07-08,collision,53
CL0000530,C0000824,2023-08-15,2023-08-28,glass,21
CL0000531,C0000824,2023-09-05,2023-09-10,collision,41
CL0000532,C0000829,2016-12-05,2016-12-09,glass,62
CL0000533,C0000831,2019-08-05,2019-08-12,bodily,35
CL0000534,C0000831,2020-01-16,2020-01-17,collision,69
CL0000535,C0000831,2020-03-06,2020-03-18,collision,33
CL0000536,C0000834,2017-04-05,2017-04-11,collision,49
CL0000537,C0000835,2017-08-17,2017-08-22,bodily,56
CL0000538,C0000836,2017-10-06,2017-10-18,collision,72
CL0000539,C0000848,2023-05-03,2023-05-15,collision,38
CL0000540,C0000848,2023-12-23,2023-12-24,collision,68
CL0000541,C0000849,2024-10-27,2024-11-03,collision,29
CL0000542,C0000855,2020-08-11,2020-08-18,collision,78
CL0000543,C0000856,2020-01-10,2020-01-15,glass,57
CL0000544,C0000857,2024-08-17,2024-08-23,collision,68
CL0000545,C0000857,2024-11-04,2024-11-15,bodily,69
CL0000546,C0000860,2019-02-18,2019-02-24,collision,39
CL0000547,C0000864,2024-10-05,2024-10-15,bodily,38
CL0000548,C0000868,2024-09-10,2024-09-18,glass,73
CL0000549,C0000869,2022-05-19,2022-06-01,bodily,38
CL0000550,C0000869,2022-06-08,2022-06-16,collision,50
CL0000551,C0000869,2022-10-19,2022-10-22,collision,24
CL0000552,C0000870,2016-08-02,2016-08-03,bodily,68
CL0000553,C0000870,2017-03-23,2017-03-30,bodily,35
CL0000554,C0000874,2023-03-13,2023-03-25,collision,66
CL0000555,C0000874,2023-07-02,2023-07-05,bodily,42
CL0000556,C0000875,2022-10-06,2022-10-18,glass,58
CL0000557,C0000875,2022-11-04,2022-11-15,collision,40
CL0000558,C0000875,2023-08-10,2023-08-15,bodily,28
CL0000559,C0000876,2017-11-20,2017-11-25,collision,50
CL0000560,C0000877,2015-12-28,2016-01-08,glass,72
CL0000561,C0000877,2016-10-05,2016-10-07,glass,54
CL0000562,C0000879,2024-11-14,2024-11-22,collision,41
CL0000563,C0000880,2017-05-04,2017-05-08,collision,42
CL0000564,C0000880,2017-06-26,2017-07-07,collision,53
CL0000565,C0000881,2016-03-10,2016-03-23,collision,68
CL0000566,C0000881,2016-11-05,2016-11-18,theft,35
CL0000567,C0000881,2017-01-01,2017-01-08,bodily,20
CL0000568,C0000882,2018-04-04,2018-04-15,collision,77
CL0000569,C0000884,2019-01-03,2019-01-04,collision,59
CL0000570,C0000886,2015-06-04,2015-06-07,bodily,31
CL0000571,C0000887,2023-01-25,2023-02-07,glass,67
CL0000572,C0000887,2023-05-23,2023-05-24,collision,32
CL0000573,C0000888,2024-12-13,2024-12-15,bodily,26
CL0000574,C0000889,2024-04-19,2024-04-27,collision,35
CL0000575,C0000889,2024-05-04,2024-05-14,bodily,24
CL0000576,C0000889,2024-10-08,2024-10-15,glass,75
CL0000577,C0000890,2016-10-05,2016-10-11,collision,36
CL0000578,C0000891,2022-10-23,2022-10-28,glass,64
CL0000579,C0000891,2023-01-12,2023-01-19,collision,61
CL0000580,C0000891,2023-03-08,2023-03-21,collision,43
CL0000581,C0000893,2015-11-26,2015-12-07,bodily,58
CL0000582,C0000894,2017-11-03,2017-11-12,collision,42
CL0000583,C0000898,2024-05-14,2024-05-19,bodily,74
CL0000584,C0000898,2024-09-28,2024-10-08,theft,75
CL0000585,C0000900,2018-02-08,2018-02-16,bodily,56
CL0000586,C0000902,2022-03-12,2022-03-25,glass,44
CL0000587,C0000902,2022-04-28,2022-05-09,collision,68
CL0000588,C0000903,2022-08-23,2022-08-27,bodily,29
CL0000589,C0000903,2023-07-12,2023-07-21,collision,44
CL0000590,C0000904,2023-07-14,2023-07-27,collision,21
CL0000591,C0000905,2018-05-22,2018-05-29,collision,59
CL0000592,C0000907,2020-01-10,2020-01-15,bodily,40
CL0000593,C0000907,2020-03-28,2020-03-31,collision,33
CL0000594,C0000909,2024-10-09,2024-10-14,collision,25
CL0000595,C0000912,2023-11-22,2023-11-26,bodily,34
CL0000596,C0000915,2020-06-04,2020-06-17,bodily,55
CL0000597,C0000919,2023-08-21,2023-08-23,glass,71
CL0000598,C0000923,2018-02-05,2018-02-09,glass,23
CL0000599,C0000924,2018-07-01,2018-07-13,collision,18
CL0000600,C0000925,2024-04-25,2024-05-04,bodily,62
CL0000601,C0000930,2021-12-23,2021-12-31,collision,19
CL0000602,C0000931,2015-10-25,2015-11-02,glass,19
CL0000603,C0000931,2016-06-17,2016-06-23,collision,34
CL0000604,C0000933,2021-09-23,2021-09-28,collision,46
CL0000605,C0000936,2024-05-18,2024-05-19,collision,36
CL0000606,C0000936,2024-09-27,2024-10-04,collision,79
CL0000607,C0000936,2024-11-02,2024-11-10,collision,59
CL0000608,C0000939,2023-03-04,2023-03-06,collision,42
CL0000609,C0000944,2021-07-20,2021-07-25,theft,52
CL0000610,C0000945,2024-03-13,2024-03-26,collision,29
CL0000611,C0000946,2017-02-25,2017-02-28,theft,63
CL0000612,C0000947,2016-11-14,2016-11-17,collision,73
CL0000613,C0000948,2016-04-25,2016-05-08,collision,31
CL0000614,C0000948,2016-09-10,2016-09-19,collision,57
CL0000615,C0000949,2023-03-24,2023-03-25,bodily,19
CL0000616,C0000951,2017-04-08,2017-04-12,bodily,76
CL0000617,C0000952,2021-01-23,2021-02-02,collision,21
CL0000618,C0000953,2022-11-22,2022-11-25,bodily,69
CL0000619,C0000958,2024-03-14,2024-03-24,collision,56
CL0000620,C0000958,2024-05-08,2024-05-16,collision,19
CL0000621,C0000959,2024-03-15,2024-03-20,collision,76
CL0000622,C0000962,2017-09-03,2017-09-05,collision,56
CL0000623,C0000964,2015-06-11,2015-06-15,glass,62
CL0000624,C0000965,2018-04-25,2018-05-04,collision,71
CL0000625,C0000967,2023-11-14,2023-11-27,glass,66
CL0000626,C0000968,2022-07-21,2022-07-30,glass,61
CL0000627,C0000969,2020-10-22,2020-10-23,bodily,48
CL0000628,C0000970,2021-07-21,2021-08-03,glass,61
CL0000629,C0000973,2017-03-03,2017-03-10,collision,18
CL0000630,C0000973,2017-05-26,2017-05-28,collision,46
CL0000631,C0000974,2019-07-19,2019-07-25,collision,31
CL0000632,C0000974,2019-09-16,2019-09-28,collision,36
CL0000633,C0000976,2018-04-16,2018-04-18,collision,74
CL0000634,C0000978,2020-07-02,2020-07-10,glass,26
CL0000635,C0000980,2024-05-02,2024-05-15,glass,28
CL0000636,C0000982,2023-08-09,2023-08-15,collision,27
CL0000637,C0000982,2023-11-01,2023-11-03,bodily,43
CL0000638,C0000982,2024-02-09,2024-02-22,theft,59
CL0000639,C0000984,2021-12-16,2021-12-26,glass,76
CL0000640,C0000984,2022-01-11,2022-01-19,bodily,50
CL0000641,C0000985,2015-10-02,2015-10-04,collision,24
CL0000642,C0000986,2017-08-02,2017-08-08,collision,48
CL0000643,C0000988,2021-11-19,2021-11-25,glass,31
CL0000644,C0000992,2020-06-22,2020-06-25,collision,65
CL0000645,C0000994,2015-11-25,2015-12-03,collision,21
CL0000646,C0000996,2023-08-03,2023-08-16,collision,71
CL0000647,C0000996,2024-03-13,2024-03-17,collision,59
CL0000648,C0000997,2017-02-28,2017-03-06,bodily,51
CL0000649,C0000997,2017-09-16,2017-09-20,collision,45
CL0000650,C0000997,2017-10-07,2017-10-09,collision,79
CL0000651,C0000998,2020-04-09,2020-04-10,glass,66
CL0000652,C0001001,2023-01-04,2023-01-09,bodily,32
CL0000653,C0001003,2023-02-14,2023-02-18,collision,19
CL0000654,C0001003,2023-09-01,2023-09-07,collision,32
CL0000655,C0001004,2024-01-08,2024-01-19,collision,51
CL0000656,C0001004,2024-08-15,2024-08-20,collision,23
CL0000657,C0001008,2020-10-24,2020-10-27,collision,29
CL0000658,C0001008,2020-11-28,2020-12-02,collision,18
CL0000659,C0001009,2016-10-07,2016-10-08,bodily,25
CL0000660,C0001010,2021-01-20,2021-01-22,collision,50
CL0000661,C0001010,2021-02-22,2021-03-02,glass,42
CL0000662,C0001010,2021-06-14,2021-06-25,collision,52
CL0000663,C0001015,2018-11-02,2018-11-14,collision,65
CL0000664,C0001017,2023-03-21,2023-03-24,glass,74
CL0000665,C0001018,2018-10-25,2018-11-06,bodily,74
CL0000666,C0001019,2023-01-27,2023-02-05,collision,65
CL0000667,C0001020,2021-10-25,2021-11-07,collision,65
CL0000668,C0001020,2022-04-16,2022-04-20,bodily,70
CL0000669,C0001022,2020-07-27,2020-08-08,collision,77
CL0000670,C0001023,2018-10-15,2018-10-24,collision,70
CL0000671,C0001024,2016-02-01,2016-02-04,bodily,53
CL0000672,C0001025,2015-06-03,2015-06-04,collision,47
CL0000673,C0001026,2024-11-10,2024-11-22,collision,38
CL0000674,C0001027,2024-04-24,2024-05-02,collision,79
CL0000675,C0001030,2016-06-01,2016-06-08,bodily,76
CL0000676,C0001030,2016-07-23,2016-08-02,collision,65
CL0000677,C0001031,2017-01-08,2017-01-09,collision,79
CL0000678,C0001035,2021-11-11,2021-11-22,bodily,36
CL0000679,C0001040,2024-10-06,2024-10-14,bodily,31
CL0000680,C0001045,2023-05-13,2023-05-22,collision,67
CL0000681,C0001045,2023-11-26,2023-12-09,collision,40
CL0000682,C0001046,2016-01-01,2016-01-14,collision,53
CL0000683,C0001053,2020-03-05,2020-03-16,collision,73
CL0000684,C0001053,2020-06-24,2020-07-04,collision,21
CL0000685,C0001054,2021-03-17,2021-03-23,collision,25
CL0000686,C0001054,2021-04-22,2021-05-04,collision,43
CL0000687,C0001055,2017-04-28,2017-04-29,collision,67
CL0000688,C0001057,2023-08-14,2023-08-16,collision,36
CL0000689,C0001061,2020-04-05,2020-04-14,collision,32
CL0000690,C0001061,2020-07-28,2020-07-31,collision,60
CL0000691,C0001063,2017-09-03,2017-09-05,glass,73
CL0000692,C0001063,2018-05-04,2018-05-09,bodily,19
CL0000693,C0001067,2016-06-22,2016-06-24,collision,28
CL0000694,C0001068,2024-05-09,2024-05-14,collision,78
CL0000695,C0001070,2024-05-15,2024-05-20,collision,54
CL0000696,C0001070,2024-08-02,2024-08-08,bodily,24
CL0000697,C0001070,2024-10-22,2024-10-31,bodily,42
CL0000698,C0001071,2017-05-16,2017-05-23,collision,67
CL0000699,C0001072,2015-07-13,2015-07-18,bodily,77
CL0000700,C0001072,2015-09-23,2015-10-01,glass,21
CL0000701,C0001073,2017-05-18,2017-05-20,collision,38
CL0000702,C0001074,2020-06-04,2020-06-07,collision,64
CL0000703,C0001074,2021-04-02,2021-04-11,bodily,46
CL0000704,C0001077,2024-05-24,2024-06-05,bodily,58
CL0000705,C0001081,2016-08-23,2016-08-30,collision,58
CL0000706,C0001082,2017-01-01,2017-01-13,collision,58
CL0000707,C0001082,2017-10-14,2017-10-21,collision,42
CL0000708,C0001086,2024-10-27,2024-11-03,collision,36
CL0000709,C0001089,2016-06-05,2016-06-14,bodily,19
CL0000710,C0001089,2017-02-20,2017-03-01,bodily,67
CL0000711,C0001090,2022-05-26,2022-05-31,collision,66
CL0000712,C0001093,2021-04-18,2021-05-01,collision,20
CL0000713,C0001094,2018-04-19,2018-04-29,collision,61
CL0000714,C0001097,2023-10-09,2023-10-10,bodily,26
CL0000715,C0001098,2023-02-15,2023-02-18,bodily,35
CL0000716,C0001099,2021-10-13,2021-10-20,collision,72
CL0000717,C0001100,2021-08-01,2021-08-02,collision,78
CL0000718,C0001102,2021-10-24,2021-10-30,bodily,26
CL0000719,C0001103,2022-04-25,2022-05-01,bodily,79
CL0000720,C0001104,2018-05-07,2018-05-12,collision,32
CL0000721,C0001106,2015-05-23,2015-05-24,bodily,61
CL0000722,C0001106,2015-08-26,2015-08-27,collision,74
CL0000723,C0001108,2015-05-19,2015-05-25,glass,28
CL0000724,C0001110,2016-03-16,2016-03-17,bodily,26
CL0000725,C0001111,2018-07-27,2018-08-02,glass,32
CL0000726,C0001112,2023-01-08,2023-01-21,collision,39
CL0000727,C0001115,2016-11-20,2016-11-29,theft,40
CL0000728,C0001115,2017-05-17,2017-05-22,collision,61
CL0000729,C0001116,2021-03-01,2021-03-06,collision,23
CL0000730,C0001117,2019-01-02,2019-01-14,bodily,38
CL0000731,C0001120,2016-07-05,2016-07-13,glass,38
CL0000732,C0001122,2015-02-02,2015-02-13,bodily,77
CL0000733,C0001127,2021-10-17,2021-10-22,glass,38
CL0000734,C0001128,2024-01-20,2024-02-01,collision,30
CL0000735,C0001130,2016-07-10,2016-07-18,glass,75
CL0000736,C0001131,2022-10-24,2022-10-28,collision,29
CL0000737,C0001131,2023-01-01,2023-01-13,collision,43
CL0000738,C0001132,2016-06-06,2016-06-09,collision,22
CL0000739,C0001133,2022-11-19,2022-11-20,bodily,47
CL0000740,C0001140,2022-10-08,2022-10-16,collision,72
CL0000741,C0001141,2022-05-23,2022-06-03,glass,35
CL0000742,C0001142,2020-06-06,2020-06-16,glass,32
CL0000743,C0001146,2023-07-11,2023-07-14,collision,27
CL0000744,C0001147,2023-08-21,2023-08-25,bodily,70
CL0000745,C0001149,2024-05-27,2024-05-31,theft,44
CL0000746,C0001152,2016-08-22,2016-08-27,collision,56
CL0000747,C0001159,2021-03-16,2021-03-26,glass,69
CL0000748,C0001162,2023-06-04,2023-06-14,collision,58
CL0000749,C0001163,2016-11-01,2016-11-12,bodily,48
CL0000750,C0001167,2021-09-25,2021-09-29,collision,28
CL0000751,C0001170,2015-11-16,2015-11-19,collision,69
CL0000752,C0001170,2016-03-25,2016-04-07,collision,36
CL0000753,C0001171,2016-08-24,2016-08-30,collision,75
CL0000754,C0001174,2021-10-25,2021-11-05,collision,70
CL0000755,C0001175,2022-01-19,2022-01-29,collision,68
CL0000756,C0001176,2016-03-13,2016-03-18,collision,37
CL0000757,C0001178,2021-04-28,2021-05-02,glass,26
CL0000758,C0001179,2017-03-13,2017-03-24,bodily,31
CL0000759,C0001182,2022-10-04,2022-10-07,bodily,31
CL0000760,C0001182,2022-12-24,2022-12-28,collision,77
CL0000761,C0001184,2022-10-09,2022-10-13,collision,59
CL0000762,C0001187,2023-03-04,2023-03-10,collision,29
CL0000763,C0001187,2023-05-01,2023-05-04,theft,53
CL0000764,C0001188,2019-06-03,2019-06-14,glass,41
CL0000765,C0001195,2020-10-28,2020-11-07,bodily,19
CL0000766,C0001195,2021-06-16,2021-06-29,collision,73
CL0000767,C0001199,2022-06-15,2022-06-22,collision,45
CL0000768,C0001199,2023-02-25,2023-03-06,collision,22
CL0000769,C0001202,2020-02-09,2020-02-12,bodily,43
CL0000770,C0001205,2022-12-05,2022-12-13,collision,58
CL0000771,C0001207,2022-11-23,2022-12-01,bodily,68
CL0000772,C0001209,2021-07-21,2021-07-28,glass,52
CL0000773,C0001209,2022-05-08,2022-05-15,theft,71
CL0000774,C0001210,2020-02-25,2020-03-01,collision,42
CL0000775,C0001210,2020-05-12,2020-05-21,theft,65
CL0000776,C0001215,2016-02-20,2016-02-25,collision,58
CL0000777,C0001218,2015-10-06,2015-10-14,collision,23
CL0000778,C0001222,2015-11-13,2015-11-19,bodily,53
CL0000779,C0001226,2016-01-27,2016-02-03,bodily,59
CL0000780,C0001227,2015-01-20,2015-02-01,collision,33
CL0000781,C0001229,2017-10-09,2017-10-17,glass,67
CL0000782,C0001231,2023-05-06,2023-05-18,glass,20
CL0000783,C0001233,2022-01-16,2022-01-28,collision,67
CL0000784,C0001234,2020-09-01,2020-09-03,collision,69
CL0000785,C0001236,2022-05-23,2022-06-05,collision,21
CL0000786,C0001237,2019-09-03,2019-09-15,collision,49
CL0000787,C0001239,2017-10-06,2017-10-13,glass,56
CL0000788,C0001240,2023-07-17,2023-07-30,theft,77
CL0000789,C0001241,2019-03-14,2019-03-18,bodily,30
CL0000790,C0001242,2023-06-07,2023-06-18,collision,43
CL0000791,C0001242,2023-09-06,2023-09-09,glass,40
CL0000792,C0001243,2019-06-05,2019-06-07,glass,33
CL0000793,C0001244,2021-11-18,2021-11-28,collision,29
CL0000794,C0001246,2019-07-13,2019-07-24,collision,44
CL0000795,C0001246,2020-06-18,2020-06-25,collision,65
CL0000796,C0001249,2018-06-21,2018-07-01,glass,48
CL0000797,C0001252,2017-11-12,2017-11-19,glass,48
CL0000798,C0001255,2016-04-10,2016-04-21,collision,66
CL0000799,C0001260,2017-04-13,2017-04-19,bodily,38
CL0000800,C0001261,2016-09-09,2016-09-20,bodily,48
CL0000801,C0001262,2019-09-09,2019-09-10,collision,40
CL0000802,C0001267,2023-01-03,2023-01-13,glass,77
CL0000803,C0001267,2023-05-04,2023-05-15,collision,33
CL0000804,C0001267,2023-07-22,2023-08-01,bodily,59
CL0000805,C0001269,2022-02-24,2022-03-04,collision,74
CL0000806,C0001271,2017-10-25,2017-10-30,glass,64
CL0000807,C0001275,2020-05-05,2020-05-11,collision,27
CL0000808,C0001278,2023-12-10,2023-12-13,collision,35
CL0000809,C0001279,2021-03-05,2021-03-18,glass,43
CL0000810,C0001280,2018-04-16,2018-04-25,collision,54
CL0000811,C0001285,2022-06-02,2022-06-07,collision,37
CL0000812,C0001286,2023-08-06,2023-08-08,glass,71
CL0000813,C0001286,2023-09-28,2023-10-01,theft,21
CL0000814,C0001290,2020-09-04,2020-09-05,collision,78
CL0000815,C0001295,2019-05-06,2019-05-07,collision,37
CL0000816,C0001295,2020-04-24,2020-04-29,collision,21
CL0000817,C0001295,2020-05-16,2020-05-26,glass,31
CL0000818,C0001296,2021-10-10,2021-10-18,collision,19
CL0000819,C0001296,2021-12-02,2021-12-11,collision,55
CL0000820,C0001297,2016-05-11,2016-05-20,collision,40
CL0000821,C0001297,2016-07-11,2016-07-23,collision,34
CL0000822,C0001297,2016-08-26,2016-09-04,collision,73
CL0000823,C0001298,2021-03-26,2021-04-05,collision,37
CL0000824,C0001300,2020-08-22,2020-09-02,collision,56
CL0000825,C0001300,2020-12-25,2021-01-03,collision,42
CL0000826,C0001302,2024-12-04,2024-12-15,collision,43
CL0000827,C0001304,2022-03-11,2022-03-16,collision,72
CL0000828,C0001308,2024-04-28,2024-05-11,collision,38
CL0000829,C0001309,2023-08-24,2023-08-31,collision,65
CL0000830,C0001309,2023-12-25,2023-12-28,collision,30
CL0000831,C0001314,2019-02-19,2019-02-27,theft,32
CL0000832,C0001317,2022-11-10,2022-11-21,collision,53
CL0000833,C0001317,2023-06-24,2023-07-07,bodily,54
CL0000834,C0001319,2017-01-25,2017-01-30,collision,44
CL0000835,C0001321,2021-03-01,2021-03-04,collision,55
CL0000836,C0001321,2021-08-16,2021-08-23,bodily,69
CL0000837,C0001324,2015-07-18,2015-07-29,bodily,78
CL0000838,C0001326,2022-04-07,2022-04-15,collision,53
CL0000839,C0001328,2017-01-12,2017-01-13,glass,53
CL0000840,C0001329,2019-12-13,2019-12-25,collision,68
CL0000841,C0001330,2018-09-13,2018-09-23,collision,55
CL0000842,C0001330,2018-10-19,2018-10-27,collision,18
CL0000843,C0001334,2020-08-05,2020-08-16,glass,62
CL0000844,C0001336,2017-04-02,2017-04-12,glass,42
CL0000845,C0001338,2022-12-06,2022-12-14,collision,34
CL0000846,C0001338,2023-06-09,2023-06-14,bodily,23
CL0000847,C0001339,2022-07-28,2022-08-01,bodily,48
CL0000848,C0001340,2020-04-02,2020-04-10,glass,26
CL0000849,C0001341,2018-08-13,2018-08-17,collision,37
CL0000850,C0001343,2021-07-04,2021-07-13,glass,63
CL0000851,C0001344,2018-04-23,2018-05-01,bodily,26
CL0000852,C0001348,2023-08-02,2023-08-06,glass,22
CL0000853,C0001351,2017-03-23,2017-03-28,collision,31
CL0000854,C0001352,2021-08-08,2021-08-13,collision,57
CL0000855,C0001353,2023-08-23,2023-08-27,glass,67
CL0000856,C0001353,2024-04-08,2024-04-20,collision,25
CL0000857,C0001354,2021-01-18,2021-01-25,collision,33
CL0000858,C0001355,2015-12-26,2016-01-03,collision,69
CL0000859,C0001356,2020-02-11,2020-02-22,collision,55
CL0000860,C0001357,2023-03-10,2023-03-15,collision,18
CL0000861,C0001358,2021-10-17,2021-10-20,collision,64
CL0000862,C0001361,2019-09-19,2019-09-25,collision,38
CL0000863,C0001365,2019-09-07,2019-09-17,bodily,46
CL0000864,C0001365,2020-05-22,2020-05-24,collision,39
CL0000865,C0001366,2018-11-12,2018-11-22,glass,34
CL0000866,C0001367,2020-08-25,2020-08-30,collision,46
CL0000867,C0001368,2017-02-15,2017-02-24,glass,75
CL0000868,C0001370,2017-11-01,2017-11-10,collision,75
CL0000869,C0001370,2018-07-21,2018-07-28,collision,32
CL0000870,C0001374,2024-09-25,2024-10-07,bodily,37
CL0000871,C0001375,2018-06-21,2018-07-01,collision,71
CL0000872,C0001375,2018-11-19,2018-11-30,collision,79
CL0000873,C0001376,2023-08-01,2023-08-13,collision,32
CL0000874,C0001378,2024-11-06,2024-11-09,collision,19
CL0000875,C0001378,2024-12-15,2024-12-25,collision,69
CL0000876,C0001382,2021-10-26,2021-11-03,bodily,76
CL0000877,C0001383,2022-12-19,2022-12-29,collision,28
CL0000878,C0001383,2023-01-21,2023-01-27,glass,39
CL0000879,C0001387,2019-07-27,2019-08-09,glass,67
CL0000880,C0001394,2017-08-26,2017-09-01,collision,68
CL0000881,C0001395,2022-03-28,2022-03-31,collision,42
CL0000882,C0001396,2020-06-19,2020-06-21,collision,63
CL0000883,C0001399,2021-07-25,2021-08-02,collision,43
CL0000884,C0001400,2024-05-20,2024-05-29,collision,21
CL0000885,C0001403,2020-12-10,2020-12-22,collision,57
CL0000886,C0001404,2021-12-12,2021-12-18,collision,51
CL0000887,C0001406,2016-04-23,2016-05-05,bodily,32
CL0000888,C0001408,2016-02-12,2016-02-25,glass,63
CL0000889,C0001410,2022-12-08,2022-12-19,bodily,50
CL0000890,C0001411,2021-02-05,2021-02-06,collision,22
CL0000891,C0001412,2024-03-23,2024-03-25,collision,21
CL0000892,C0001413,2017-04-15,2017-04-22,collision,57
CL0000893,C0001415,2024-11-28,2024-12-09,collision,67
CL0000894,C0001416,2021-07-25,2021-07-31,collision,66
CL0000895,C0001417,2019-08-18,2019-08-28,bodily,27
CL0000896,C0001418,2015-06-19,2015-06-23,theft,70
CL0000897,C0001418,2015-11-05,2015-11-16,collision,28
CL0000898,C0001419,2024-10-11,2024-10-17,glass,77
CL0000899,C0001421,2023-04-15,2023-04-27,collision,33
CL0000900,C0001421,2023-05-03,2023-05-15,collision,37
CL0000901,C0001422,2022-05-05,2022-05-17,collision,28
CL0000902,C0001426,2017-07-25,2017-08-06,collision,26
CL0000903,C0001426,2017-08-06,2017-08-08,theft,32
CL0000904,C0001426,2017-09-10,2017-09-14,glass,38
CL0000905,C0001426,2017-10-19,2017-10-20,collision,53
CL0000906,C0001428,2021-09-09,2021-09-18,glass,35
CL0000907,C0001431,2021-04-19,2021-04-29,bodily,25
CL0000908,C0001432,2021-05-25,2021-06-01,glass,45
CL0000909,C0001432,2021-09-10,2021-09-21,collision,52
CL0000910,C0001433,2023-12-16,2023-12-21,collision,26
CL0000911,C0001434,2024-02-08,2024-02-20,bodily,26
CL0000912,C0001435,2018-05-21,2018-06-02,collision,47
CL0000913,C0001436,2023-11-27,2023-12-02,collision,55
CL0000914,C0001437,2020-01-11,2020-01-15,glass,25
CL0000915,C0001438,2018-03-04,2018-03-15,bodily,54
CL0000916,C0001439,2022-12-17,2022-12-27,bodily,70
CL0000917,C0001439,2023-06-16,2023-06-18,collision,21
CL0000918,C0001441,2023-09-01,2023-09-08,collision,58
CL0000919,C0001446,2023-01-11,2023-01-16,collision,74
CL0000920,C0001447,2020-09-15,2020-09-24,collision,73
CL0000921,C0001448,2015-05-24,2015-06-03,collision,28
CL0000922,C0001448,2016-03-19,2016-03-30,collision,29
CL0000923,C0001452,2024-09-01,2024-09-07,collision,29
CL0000924,C0001454,2018-07-20,2018-07-24,collision,41
CL0000925,C0001454,2018-08-19,2018-08-29,collision,38
CL0000926,C0001465,2024-10-21,2024-11-02,glass,30
CL0000927,C0001467,2020-07-12,2020-07-24,collision,19
CL0000928,C0001468,2022-07-06,2022-07-13,collision,39
CL0000929,C0001469,2018-05-13,2018-05-17,glass,55
CL0000930,C0001469,2018-09-07,2018-09-16,collision,68
CL0000931,C0001471,2023-03-08,2023-03-18,glass,58
CL0000932,C0001471,2023-04-16,2023-04-19,collision,70
CL0000933,C0001472,2024-04-16,2024-04-20,collision,55
CL0000934,C0001474,2017-02-13,2017-02-22,collision,71
CL0000935,C0001478,2022-09-07,2022-09-09,collision,37
CL0000936,C0001478,2023-04-13,2023-04-24,collision,77
CL0000937,C0001479,2024-11-25,2024-12-08,collision,20
CL0000938,C0001479,2024-12-16,2024-12-20,collision,43
CL0000939,C0001481,2019-01-27,2019-01-29,bodily,21
CL0000940,C0001482,2024-06-08,2024-06-16,collision,64
CL0000941,C0001485,2021-09-25,2021-10-01,collision,57
CL0000942,C0001485,2021-11-14,2021-11-22,bodily,47
CL0000943,C0001486,2016-02-23,2016-03-01,collision,52
CL0000944,C0001488,2017-04-09,2017-04-14,theft,48
CL0000945,C0001490,2016-08-25,2016-09-02,bodily,59
CL0000946,C0001490,2017-05-02,2017-05-07,theft,74
CL0000947,C0001491,2019-09-25,2019-10-01,collision,57
CL0000948,C0001496,2016-12-26,2017-01-02,collision,18
CL0000949,C0001499,2022-05-13,2022-05-22,collision,44
CL0000950,C0001500,2017-10-04,2017-10-08,collision,72
CL0000951,C0001500,2017-11-15,2017-11-28,collision,24
CL0000952,C0001500,2018-06-09,2018-06-11,theft,42
CL0000953,C0001503,2017-10-25,2017-10-27,collision,79
CL0000954,C0001504,2019-02-03,2019-02-08,collision,47
CL0000955,C0001507,2015-08-07,2015-08-18,collision,35
CL0000956,C0001508,2021-01-18,2021-01-25,bodily,38
CL0000957,C0001516,2015-10-14,2015-10-18,collision,29
CL0000958,C0001519,2022-10-13,2022-10-14,glass,70
CL0000959,C0001519,2022-12-08,2022-12-10,collision,64
CL0000960,C0001525,2018-02-21,2018-02-28,bodily,39
CL0000961,C0001525,2018-07-27,2018-08-05,collision,78
CL0000962,C0001527,2017-03-10,2017-03-17,collision,33
CL0000963,C0001527,2017-11-06,2017-11-18,collision,44
CL0000964,C0001530,2022-01-27,2022-02-05,collision,75
CL0000965,C0001530,2022-11-02,2022-11-11,collision,68
CL0000966,C0001533,2019-03-11,2019-03-19,theft,20
CL0000967,C0001533,2019-05-21,2019-05-26,collision,38
CL0000968,C0001535,2016-08-05,2016-08-12,glass,35
CL0000969,C0001536,2020-10-27,2020-10-28,collision,69
CL0000970,C0001537,2019-11-03,2019-11-12,collision,32
CL0000971,C0001538,2024-07-04,2024-07-08,collision,43
CL0000972,C0001545,2020-10-24,2020-11-03,bodily,62
CL0000973,C0001547,2021-10-14,2021-10-23,collision,69
CL0000974,C0001549,2016-03-20,2016-03-26,bodily,47
CL0000975,C0001549,2016-04-02,2016-04-09,collision,70
CL0000976,C0001549,2016-11-11,2016-11-14,glass,34
CL0000977,C0001550,2019-06-22,2019-06-26,collision,24
CL0000978,C0001550,2019-08-26,2019-09-01,bodily,52
CL0000979,C0001551,2016-04-24,2016-05-01,collision,24
CL0000980,C0001555,2021-04-22,2021-04-30,collision,62
CL0000981,C0001556,2017-03-16,2017-03-26,glass,29
CL0000982,C0001557,2022-04-16,2022-04-25,glass,75
CL0000983,C0001562,2022-11-14,2022-11-19,collision,44
CL0000984,C0001564,2018-05-14,2018-05-21,bodily,42
CL0000985,C0001566,2024-04-28,2024-05-09,bodily,64
CL0000986,C0001571,2024-05-12,2024-05-24,collision,61
CL0000987,C0001572,2024-02-26,2024-03-09,collision,72
CL0000988,C0001574,2017-04-18,2017-04-20,collision,46
CL0000989,C0001574,2018-02-27,2018-03-03,collision,28
CL0000990,C0001575,2017-03-09,2017-03-15,collision,72
CL0000991,C0001583,2020-10-26,2020-11-04,glass,70
CL0000992,C0001588,2017-05-15,2017-05-22,collision,60
CL0000993,C0001588,2018-01-20,2018-01-27,collision,24
CL0000994,C0001589,2016-10-28,2016-11-02,glass,27
CL0000995,C0001590,2023-08-14,2023-08-15,glass,32
CL0000996,C0001590,2023-09-22,2023-09-24,collision,63
CL0000997,C0001591,2020-02-22,2020-02-26,collision,42
CL0000998,C0001591,2020-12-19,2020-12-21,collision,48
CL0000999,C0001592,2020-10-19,2020-10-28,bodily,79
CL0001000,C0001593,2020-09-06,2020-09-12,collision,39
CL0001001,C0001594,2022-02-27,2022-03-04,glass,79
CL0001002,C0001595,2020-06-17,2020-06-20,glass,73
CL0001003,C0001597,2024-06-01,2024-06-03,collision,19
CL0001004,C0001598,2022-11-26,2022-12-04,collision,70
CL0001005,C0001602,2024-03-10,2024-03-21,collision,36
CL0001006,C0001603,2023-05-10,2023-05-12,collision,74
CL0001007,C0001608,2023-08-01,2023-08-05,collision,61
CL0001008,C0001608,2024-02-27,2024-03-04,bodily,56
CL0001009,C0001610,2023-09-02,2023-09-07,collision,27
CL0001010,C0001611,2023-04-16,2023-04-17,collision,24
CL0001011,C0001612,2022-09-01,2022-09-05,collision,59
CL0001012,C0001612,2022-12-19,2022-12-22,bodily,20
CL0001013,C0001613,2016-09-20,2016-10-03,collision,40
CL0001014,C0001615,2015-08-07,2015-08-11,collision,18
CL0001015,C0001615,2016-04-28,2016-05-08,collision,46
CL0001016,C0001616,2016-06-26,2016-07-04,collision,70
CL0001017,C0001617,2022-08-21,2022-08-23,collision,28
CL0001018,C0001619,2023-04-11,2023-04-17,collision,76
CL0001019,C0001620,2017-06-03,2017-06-08,collision,74
CL0001020,C0001621,2017-11-05,2017-11-11,collision,50
CL0001021,C0001624,2016-11-07,2016-11-09,collision,71
CL0001022,C0001625,2018-01-12,2018-01-14,collision,61
CL0001023,C0001626,2021-04-14,2021-04-25,bodily,19
CL0001024,C0001626,2021-10-24,2021-10-26,collision,45
CL0001025,C0001627,2024-06-20,2024-06-27,glass,30
CL0001026,C0001627,2024-07-17,2024-07-30,glass,73
CL0001027,C0001630,2017-09-28,2017-10-02,theft,26
CL0001028,C0001631,2019-07-21,2019-08-03,collision,28
CL0001029,C0001641,2017-08-04,2017-08-05,glass,76
CL0001030,C0001646,2024-06-14,2024-06-15,glass,60
CL0001031,C0001648,2019-08-06,2019-08-08,collision,41
CL0001032,C0001648,2019-10-27,2019-11-04,collision,26
CL0001033,C0001649,2021-04-14,2021-04-27,glass,42
CL0001034,C0001652,2018-07-20,2018-07-21,collision,44
CL0001035,C0001652,2018-11-19,2018-11-24,collision,67
CL0001036,C0001656,2018-04-13,2018-04-19,collision,53
CL0001037,C0001656,2018-05-06,2018-05-15,collision,39
CL0001038,C0001661,2023-07-19,2023-07-25,bodily,64
CL0001039,C0001662,2018-10-08,2018-10-11,glass,45
CL0001040,C0001662,2018-11-10,2018-11-17,bodily,55
CL0001041,C0001663,2018-11-11,2018-11-19,collision,46
CL0001042,C0001669,2015-06-18,2015-06-27,collision,23
CL0001043,C0001669,2015-08-26,2015-09-05,collision,27
CL0001044,C0001670,2017-06-23,2017-07-03,bodily,68
CL0001045,C0001670,2018-01-27,2018-02-02,bodily,65
CL0001046,C0001673,2024-02-24,2024-03-02,bodily,25
CL0001047,C0001675,2017-05-18,2017-05-28,collision,32
CL0001048,C0001677,2016-04-24,2016-04-27,theft,21
CL0001049,C0001679,2024-05-25,2024-05-26,collision,21
CL0001050,C0001681,2019-12-17,2019-12-26,collision,78
CL0001051,C0001681,2020-07-25,2020-07-27,collision,37
CL0001052,C0001681,2020-10-01,2020-10-12,collision,28
CL0001053,C0001682,2018-11-17,2018-11-27,collision,57
CL0001054,C0001682,2019-07-27,2019-08-08,collision,50
CL0001055,C0001684,2022-06-18,2022-06-26,collision,27
CL0001056,C0001685,2021-05-16,2021-05-18,collision,40
CL0001057,C0001686,2023-04-15,2023-04-18,collision,28
CL0001058,C0001687,2017-03-22,2017-03-23,collision,63
CL0001059,C0001689,2024-02-02,2024-02-05,theft,39
CL0001060,C0001691,2017-06-10,2017-06-18,collision,21
CL0001061,C0001692,2015-11-27,2015-12-01,collision,31
CL0001062,C0001693,2023-05-11,2023-05-15,bodily,72
CL0001063,C0001693,2023-08-18,2023-08-23,glass,36
CL0001064,C0001694,2023-11-26,2023-12-01,bodily,41
CL0001065,C0001694,2024-01-20,2024-02-01,bodily,69
CL0001066,C0001698,2016-01-17,2016-01-23,collision,26
CL0001067,C0001699,2023-10-06,2023-10-14,collision,31
CL0001068,C0001700,2021-08-18,2021-08-22,glass,77
CL0001069,C0001701,2023-07-05,2023-07-06,collision,20
CL0001070,C0001701,2024-06-10,2024-06-17,collision,46
CL0001071,C0001702,2019-11-24,2019-12-04,collision,31
CL0001072,C0001703,2024-06-08,2024-06-19,bodily,19
CL0001073,C0001703,2024-07-17,2024-07-28,collision,33
CL0001074,C0001704,2023-08-22,2023-08-26,bodily,55
CL0001075,C0001705,2019-10-15,2019-10-23,theft,53
CL0001076,C0001707,2020-03-10,2020-03-12,collision,58
CL0001077,C0001711,2017-05-28,2017-06-06,collision,68
CL0001078,C0001713,2016-06-09,2016-06-11,theft,39
CL0001079,C0001715,2022-02-15,2022-02-17,collision,61
CL0001080,C0001716,2020-07-04,2020-07-08,bodily,18
CL0001081,C0001717,2020-08-09,2020-08-20,collision,21
CL0001082,C0001717,2020-12-16,2020-12-27,collision,76
CL0001083,C0001717,2021-02-07,2021-02-08,collision,72
CL0001084,C0001717,2021-08-26,2021-09-03,collision,72
CL0001085,C0001718,2022-12-21,2022-12-30,collision,74
CL0001086,C0001718,2023-06-01,2023-06-04,collision,34
CL0001087,C0001720,2023-07-05,2023-07-06,collision,74
CL0001088,C0001723,2024-02-19,2024-02-25,collision,41
CL0001089,C0001724,2023-08-10,2023-08-17,collision,52
CL0001090,C0001724,2023-11-01,2023-11-04,bodily,23
CL0001091,C0001727,2022-12-23,2022-12-25,glass,58
CL0001092,C0001731,2023-09-23,2023-09-28,collision,38
CL0001093,C0001732,2020-02-17,2020-02-25,collision,25
CL0001094,C0001733,2018-10-08,2018-10-15,glass,59
CL0001095,C0001735,2017-08-20,2017-08-28,collision,47
CL0001096,C0001736,2024-08-19,2024-08-28,bodily,59
CL0001097,C0001737,2018-10-06,2018-10-19,collision,76
CL0001098,C0001745,2018-12-12,2018-12-23,glass,49
CL0001099,C0001745,2019-02-02,2019-02-12,collision,29
CL0001100,C0001746,2016-05-22,2016-05-24,theft,72
CL0001101,C0001748,2022-10-23,2022-10-28,bodily,27
CL0001102,C0001749,2018-09-09,2018-09-10,bodily,75
CL0001103,C0001751,2015-06-05,2015-06-16,bodily,77
CL0001104,C0001752,2016-02-07,2016-02-09,collision,45
CL0001105,C0001753,2022-07-18,2022-07-21,collision,59
CL0001106,C0001753,2022-08-27,2022-09-08,glass,68
CL0001107,C0001753,2023-03-04,2023-03-09,collision,35
CL0001108,C0001756,2016-10-06,2016-10-17,collision,25
CL0001109,C0001758,2024-09-10,2024-09-23,glass,61
CL0001110,C0001763,2024-08-25,2024-09-03,bodily,79
CL0001111,C0001765,2020-05-01,2020-05-09,collision,31
CL0001112,C0001765,2020-10-10,2020-10-17,collision,29
CL0001113,C0001768,2023-11-22,2023-12-01,collision,61
CL0001114,C0001768,2024-01-01,2024-01-12,collision,30
CL0001115,C0001769,2024-10-26,2024-11-06,bodily,44
CL0001116,C0001773,2022-01-13,2022-01-14,glass,53
CL0001117,C0001777,2021-09-27,2021-10-07,collision,71
CL0001118,C0001779,2021-10-23,2021-11-04,glass,35
CL0001119,C0001782,2018-09-23,2018-09-28,bodily,79
CL0001120,C0001782,2019-04-17,2019-04-22,collision,26
CL0001121,C0001783,2015-04-03,2015-04-11,collision,34
CL0001122,C0001783,2016-02-05,2016-02-17,collision,54
CL0001123,C0001784,2018-04-10,2018-04-18,collision,21
CL0001124,C0001785,2020-05-11,2020-05-23,glass,39
CL0001125,C0001786,2021-03-15,2021-03-19,theft,53
CL0001126,C0001787,2015-05-14,2015-05-26,collision,76
CL0001127,C0001788,2018-07-20,2018-07-27,collision,58
CL0001128,C0001792,2015-09-07,2015-09-13,collision,35
CL0001129,C0001794,2019-11-23,2019-12-04,theft,37
CL0001130,C0001797,2023-11-25,2023-12-04,collision,78
CL0001131,C0001799,2021-07-11,2021-07-24,collision,26
CL0001132,C0001801,2024-07-02,2024-07-11,bodily,57
CL0001133,C0001802,2023-11-15,2023-11-22,collision,79
CL0001134,C0001804,2018-06-22,2018-06-26,collision,21
CL0001135,C0001805,2015-12-28,2016-01-09,collision,19
CL0001136,C0001807,2019-04-27,2019-04-30,collision,53
CL0001137,C0001811,2016-07-25,2016-08-06,bodily,66
CL0001138,C0001811,2016-10-03,2016-10-12,bodily,26
CL0001139,C0001812,2019-12-16,2019-12-19,bodily,33
CL0001140,C0001812,2020-04-20,2020-04-28,collision,67
CL0001141,C0001814,2024-05-23,2024-06-05,bodily,47
CL0001142,C0001814,2024-06-19,2024-06-28,glass,60
CL0001143,C0001815,2020-07-16,2020-07-22,theft,55
CL0001144,C0001819,2017-01-08,2017-01-15,collision,45
CL0001145,C0001820,2018-10-08,2018-10-09,collision,50
CL0001146,C0001820,2019-05-04,2019-05-05,bodily,66
CL0001147,C0001822,2022-01-28,2022-01-31,collision,57
CL0001148,C0001823,2018-02-01,2018-02-06,collision,37
CL0001149,C0001823,2018-10-10,2018-10-21,collision,69
CL0001150,C0001824,2019-05-17,2019-05-27,glass,41
CL0001151,C0001827,2019-09-24,2019-10-04,bodily,34
CL0001152,C0001828,2015-12-17,2015-12-29,bodily,48
CL0001153,C0001829,2024-04-07,2024-04-12,collision,26
CL0001154,C0001829,2024-05-22,2024-05-24,bodily,22
CL0001155,C0001830,2017-04-07,2017-04-16,collision,28
CL0001156,C0001833,2017-01-11,2017-01-24,collision,31
CL0001157,C0001838,2016-08-23,2016-08-26,collision,41
CL0001158,C0001840,2016-12-13,2016-12-19,collision,43
CL0001159,C0001843,2023-08-15,2023-08-23,collision,70
CL0001160,C0001844,2022-11-23,2022-12-04,theft,48
CL0001161,C0001844,2023-01-11,2023-01-24,collision,69
CL0001162,C0001844,2023-05-08,2023-05-12,bodily,40
CL0001163,C0001845,2019-11-09,2019-11-14,glass,27
CL0001164,C0001845,2019-12-19,2019-12-28,collision,52
CL0001165,C0001847,2017-11-23,2017-11-27,collision,60
CL0001166,C0001848,2019-10-24,2019-11-06,bodily,37
CL0001167,C0001849,2022-03-24,2022-04-01,theft,46
CL0001168,C0001849,2023-03-10,2023-03-19,glass,23
CL0001169,C0001850,2024-01-04,2024-01-08,bodily,44
CL0001170,C0001850,2024-10-06,2024-10-10,collision,25
CL0001171,C0001851,2017-11-04,2017-11-14,collision,45
CL0001172,C0001854,2024-03-20,2024-03-25,collision,46
CL0001173,C0001858,2016-10-24,2016-11-01,collision,54
CL0001174,C0001863,2024-05-01,2024-05-09,collision,77
CL0001175,C0001864,2022-12-12,2022-12-22,glass,77
CL0001176,C0001864,2023-03-07,2023-03-16,collision,24
CL0001177,C0001866,2018-11-09,2018-11-22,collision,77
CL0001178,C0001867,2016-04-02,2016-04-08,collision,42
CL0001179,C0001869,2019-04-11,2019-04-17,collision,18
CL0001180,C0001871,2023-05-23,2023-06-03,collision,21
CL0001181,C0001875,2015-02-17,2015-02-24,glass,51
CL0001182,C0001880,2023-10-01,2023-10-11,bodily,72
CL0001183,C0001884,2024-02-09,2024-02-20,collision,28
CL0001184,C0001887,2019-11-03,2019-11-11,collision,39
CL0001185,C0001888,2018-08-01,2018-08-09,collision,47
CL0001186,C0001892,2017-05-23,2017-05-30,collision,55
CL0001187,C0001897,2017-02-25,2017-03-05,collision,62
CL0001188,C0001897,2017-08-18,2017-08-24,collision,38
CL0001189,C0001897,2017-11-08,2017-11-13,collision,27
CL0001190,C0001897,2017-12-24,2017-12-26,collision,58
CL0001191,C0001901,2024-10-03,2024-10-12,collision,79
CL0001192,C0001906,2015-04-28,2015-04-29,bodily,36
CL0001193,C0001906,2015-09-02,2015-09-04,collision,63
CL0001194,C0001907,2017-10-05,2017-10-12,glass,60
CL0001195,C0001907,2018-06-08,2018-06-19,collision,41
CL0001196,C0001909,2016-07-06,2016-07-10,collision,27
CL0001197,C0001910,2016-07-06,2016-07-09,collision,60
CL0001198,C0001910,2016-10-14,2016-10-22,theft,59
CL0001199,C0001913,2017-04-09,2017-04-17,collision,67
CL0001200,C0001914,2016-03-11,2016-03-20,collision,28
CL0001201,C0001919,2016-06-16,2016-06-27,collision,28
CL0001202,C0001920,2023-05-09,2023-05-11,collision,34
CL0001203,C0001920,2023-08-06,2023-08-15,bodily,21
CL0001204,C0001920,2024-02-26,2024-03-01,bodily,19
CL0001205,C0001923,2016-11-28,2016-12-03,collision,24
CL0001206,C0001926,2021-05-08,2021-05-21,collision,46
CL0001207,C0001928,2018-10-25,2018-11-03,collision,37
CL0001208,C0001933,2020-09-28,2020-10-04,collision,45
CL0001209,C0001934,2016-06-10,2016-06-17,collision,26
CL0001210,C0001936,2017-02-12,2017-02-21,glass,76
CL0001211,C0001937,2023-04-15,2023-04-27,bodily,79
CL0001212,C0001937,2023-12-18,2023-12-22,bodily,26
CL0001213,C0001939,2022-08-01,2022-08-14,collision,53
CL0001214,C0001940,2016-05-17,2016-05-26,collision,77
CL0001215,C0001940,2016-09-10,2016-09-23,collision,22
CL0001216,C0001941,2023-03-10,2023-03-21,theft,58
CL0001217,C0001941,2023-08-26,2023-09-04,bodily,47
CL0001218,C0001945,2021-05-08,2021-05-17,collision,24
CL0001219,C0001946,2021-01-11,2021-01-15,bodily,32
CL0001220,C0001947,2020-04-04,2020-04-16,bodily,35
CL0001221,C0001948,2021-10-07,2021-10-16,bodily,29
CL0001222,C0001949,2018-01-08,2018-01-19,bodily,70
CL0001223,C0001950,2024-08-13,2024-08-18,collision,55
CL0001224,C0001954,2024-08-08,2024-08-13,glass,78
CL0001225,C0001955,2019-06-09,2019-06-14,collision,21
CL0001226,C0001955,2019-08-13,2019-08-14,collision,62
CL0001227,C0001957,2015-03-04,2015-03-08,bodily,35
CL0001228,C0001957,2015-04-16,2015-04-25,bodily,60
CL0001229,C0001957,2015-11-05,2015-11-14,collision,71
CL0001230,C0001958,2018-08-21,2018-09-01,bodily,36
CL0001231,C0001958,2018-11-15,2018-11-18,collision,47
CL0001232,C0001959,2021-01-01,2021-01-13,theft,36
CL0001233,C0001961,2023-12-13,2023-12-17,glass,24
CL0001234,C0001963,2017-07-27,2017-08-07,bodily,19
CL0001235,C0001963,2018-01-26,2018-01-29,collision,62
CL0001236,C0001967,2019-01-18,2019-01-22,glass,53
CL0001237,C0001968,2017-08-18,2017-08-22,collision,63
CL0001238,C0001969,2024-10-09,2024-10-13,bodily,26
CL0001239,C0001971,2019-10-14,2019-10-18,collision,30
CL0001240,C0001972,2024-09-21,2024-09-30,collision,79
CL0001241,C0001973,2023-09-04,2023-09-08,glass,27
CL0001242,C0001976,2021-07-17,2021-07-29,collision,38
CL0001243,C0001978,2022-10-01,2022-10-05,glass,36
CL0001244,C0001979,2022-01-24,2022-02-06,glass,31
CL0001245,C0001985,2024-01-25,2024-01-26,bodily,50
CL0001246,C0001985,2024-05-28,2024-06-03,bodily,31
CL0001247,C0001986,2017-08-28,2017-09-05,collision,69
CL0001248,C0001988,2020-01-11,2020-01-16,glass,48
CL0001249,C0001988,2020-02-23,2020-02-25,glass,41
CL0001250,C0001997,2023-04-25,2023-05-04,bodily,37
CL0001251,C0001998,2017-05-24,2017-06-03,collision,49
CL0001252,C0001998,2017-08-11,2017-08-17,collision,76
CL0001253,C0001999,2021-03-19,2021-03-25,glass,59
CL0001254,C0002003,2016-03-19,2016-03-31,theft,37
CL0001255,C0002005,2024-08-25,2024-09-06,collision,56
CL0001256,C0002008,2023-11-05,2023-11-13,bodily,69
CL0001257,C0002008,2024-02-15,2024-02-23,bodily,37
CL0001258,C0002010,2017-07-05,2017-07-12,collision,52
CL0001259,C0002012,2019-10-02,2019-10-12,bodily,51
CL0001260,C0002013,2018-10-27,2018-10-30,bodily,72
CL0001261,C0002014,2019-06-13,2019-06-26,collision,64
CL0001262,C0002014,2019-09-20,2019-10-01,collision,36
CL0001263,C0002014,2019-10-15,2019-10-19,collision,52
CL0001264,C0002023,2018-11-15,2018-11-16,collision,38
CL0001265,C0002023,2019-02-27,2019-03-02,collision,64
CL0001266,C0002031,2017-09-08,2017-09-19,collision,53
CL0001267,C0002031,2018-05-03,2018-05-04,collision,62
CL0001268,C0002032,2024-09-08,2024-09-13,glass,28
CL0001269,C0002037,2022-01-26,2022-01-27,collision,30
CL0001270,C0002039,2018-05-01,2018-05-03,glass,35
CL0001271,C0002040,2020-03-04,2020-03-12,collision,57
CL0001272,C0002042,2017-03-07,2017-03-19,collision,72
CL0001273,C0002043,2015-04-07,2015-04-13,bodily,39
CL0001274,C0002047,2018-01-14,2018-01-22,bodily,36
CL0001275,C0002049,2016-10-06,2016-10-07,collision,79
CL0001276,C0002050,2019-01-25,2019-01-29,collision,61
CL0001277,C0002051,2024-05-08,2024-05-12,collision,56
CL0001278,C0002052,2019-08-05,2019-08-06,collision,70
CL0001279,C0002053,2021-05-08,2021-05-21,collision,71
CL0001280,C0002053,2021-11-22,2021-11-30,collision,45
CL0001281,C0002054,2016-06-22,2016-07-02,collision,21
CL0001282,C0002057,2023-03-01,2023-03-05,collision,32
CL0001283,C0002059,2019-09-10,2019-09-19,bodily,21
CL0001284,C0002067,2015-08-03,2015-08-16,collision,62
CL0001285,C0002068,2023-11-17,2023-11-21,collision,60
CL0001286,C0002068,2024-03-23,2024-04-02,bodily,78
CL0001287,C0002068,2024-04-09,2024-04-14,collision,23
CL0001288,C0002069,2022-07-15,2022-07-26,glass,71
CL0001289,C0002070,2024-07-05,2024-07-10,collision,24
CL0001290,C0002071,2021-06-26,2021-07-02,collision,76
CL0001291,C0002073,2023-03-14,2023-03-20,collision,25
CL0001292,C0002075,2023-04-24,2023-04-29,theft,22
CL0001293,C0002075,2023-09-08,2023-09-20,collision,47
CL0001294,C0002076,2019-09-14,2019-09-25,glass,58
CL0001295,C0002077,2022-09-04,2022-09-14,glass,51
CL0001296,C0002079,2022-03-11,2022-03-17,bodily,57
CL0001297,C0002079,2022-08-27,2022-09-01,glass,58
CL0001298,C0002081,2020-08-11,2020-08-14,collision,59
CL0001299,C0002082,2018-04-23,2018-04-28,collision,66
CL0001300,C0002083,2016-03-24,2016-04-02,collision,50
CL0001301,C0002084,2016-04-03,2016-04-14,bodily,55
CL0001302,C0002085,2022-06-24,2022-07-06,collision,40
CL0001303,C0002089,2016-07-01,2016-07-14,collision,38
CL0001304,C0002089,2017-07-28,2017-07-30,collision,45
CL0001305,C0002091,2022-10-27,2022-10-29,bodily,42
CL0001306,C0002092,2017-11-03,2017-11-04,collision,66
CL0001307,C0002092,2018-08-10,2018-08-20,collision,68
CL0001308,C0002092,2018-11-25,2018-12-08,collision,71
CL0001309,C0002094,2016-11-17,2016-11-29,bodily,76
CL0001310,C0002094,2017-02-23,2017-03-02,glass,21
CL0001311,C0002095,2024-09-02,2024-09-11,collision,20
CL0001312,C0002096,2022-11-15,2022-11-25,collision,34
CL0001313,C0002096,2023-04-03,2023-04-04,theft,36
CL0001314,C0002104,2021-02-10,2021-02-15,collision,28
CL0001315,C0002105,2019-07-11,2019-07-21,glass,40
CL0001316,C0002106,2016-02-15,2016-02-24,bodily,49
CL0001317,C0002107,2020-06-09,2020-06-11,glass,72
CL0001318,C0002107,2021-01-25,2021-01-27,collision,71
CL0001319,C0002110,2024-04-26,2024-05-04,collision,34
CL0001320,C0002110,2024-07-21,2024-07-23,collision,54
CL0001321,C0002112,2018-09-07,2018-09-08,collision,56
CL0001322,C0002116,2024-07-13,2024-07-18,collision,37
CL0001323,C0002117,2022-12-22,2022-12-30,glass,38
CL0001324,C0002123,2018-09-03,2018-09-06,bodily,32
CL0001325,C0002124,2019-07-20,2019-07-26,bodily,51
CL0001326,C0002125,2022-04-21,2022-04-28,collision,66
CL0001327,C0002126,2022-09-28,2022-10-02,glass,37
CL0001328,C0002127,2024-10-28,2024-11-01,bodily,62
CL0001329,C0002128,2016-08-22,2016-08-29,collision,61
CL0001330,C0002128,2016-09-07,2016-09-18,collision,25
CL0001331,C0002130,2018-09-25,2018-10-04,glass,32
CL0001332,C0002130,2019-02-25,2019-03-03,glass,71
CL0001333,C0002135,2018-08-07,2018-08-08,collision,74
CL0001334,C0002137,2018-05-23,2018-05-24,collision,79
CL0001335,C0002139,2018-07-04,2018-07-11,bodily,76
CL0001336,C0002140,2023-10-12,2023-10-22,glass,63
CL0001337,C0002142,2016-10-12,2016-10-25,glass,33
CL0001338,C0002146,2021-08-03,2021-08-12,collision,21
CL0001339,C0002146,2021-11-05,2021-11-10,glass,66
CL0001340,C0002146,2022-02-24,2022-03-08,collision,23
CL0001341,C0002147,2017-11-05,2017-11-11,bodily,65
CL0001342,C0002148,2022-06-05,2022-06-09,collision,44
CL0001343,C0002149,2017-12-24,2017-12-26,collision,65
CL0001344,C0002151,2017-07-13,2017-07-17,glass,34
CL0001345,C0002152,2023-02-20,2023-03-04,bodily,72
CL0001346,C0002153,2015-06-16,2015-06-24,collision,43
CL0001347,C0002156,2021-09-26,2021-10-03,bodily,65
CL0001348,C0002157,2022-04-27,2022-04-30,collision,61
CL0001349,C0002157,2022-06-20,2022-06-25,theft,36
CL0001350,C0002159,2017-07-21,2017-07-29,collision,25
CL0001351,C0002165,2017-09-04,2017-09-16,collision,69
CL0001352,C0002165,2018-05-15,2018-05-27,glass,37
CL0001353,C0002166,2022-04-07,2022-04-11,collision,76
CL0001354,C0002166,2022-05-20,2022-05-29,theft,29
CL0001355,C0002168,2018-08-17,2018-08-27,glass,59
CL0001356,C0002170,2018-03-11,2018-03-12,bodily,57
CL0001357,C0002172,2023-07-22,2023-07-23,bodily,24
CL0001358,C0002172,2023-12-21,2023-12-31,glass,31
CL0001359,C0002174,2024-03-27,2024-04-02,collision,61
CL0001360,C0002175,2022-07-27,2022-08-04,glass,52
CL0001361,C0002177,2021-04-03,2021-04-05,theft,62
CL0001362,C0002183,2016-11-23,2016-11-25,bodily,19
CL0001363,C0002184,2021-03-04,2021-03-07,bodily,41
CL0001364,C0002185,2023-12-01,2023-12-07,collision,28
CL0001365,C0002185,2024-09-10,2024-09-17,glass,45
CL0001366,C0002191,2023-05-25,2023-05-30,glass,27
CL0001367,C0002193,2018-01-03,2018-01-15,collision,29
CL0001368,C0002196,2024-05-17,2024-05-28,collision,57
CL0001369,C0002198,2018-04-13,2018-04-23,collision,34
CL0001370,C0002199,2023-11-01,2023-11-02,collision,77
CL0001371,C0002199,2023-12-06,2023-12-17,collision,29
CL0001372,C0002199,2024-06-10,2024-06-22,glass,69
